customer_id,tenure_months,monthly_charges,total_charges,contract_type,payment_method,internet_service,senior_citizen,churn
C00000,40,19.85,767.32,month-to-month,credit-card,fiber-optic,0,1
C00001,2,67.65,140.91,one-year,bank-transfer,fiber-optic,1,0
C00002,9,119.06,1174.03,one-year,mailed-check,fiber-optic,0,1
C00003,58,45.4, ,month-to-month,credit-card,fiber-optic,0,1
C00004,30,67.95,2231.17,month-to-month,mailed-check,none,0,0
C00005,50,,1514.56,month-to-month,credit-card,none,0,0
C00006,64,33.97,2348.16,two-year,bank-transfer,fiber-optic,0,1
C00007,6,44.97,271.8,two-year,mailed-check,dsl,0,1
C00008,32,,1053.83,month-to-month,credit-card,fiber-optic,1,1
C00009,10,51.45,543.86,two-year,bank-transfer,none,0,0
C00010,60,,7403.83,one-year,credit-card,none,0,0
C00011,32,68.92,2380.64,month-to-month,electronic-check,none,0,1
C00012,63,,6358.03,month-to-month,mailed-check,fiber-optic,0,1
C00013,21,102.75,2170.83,two-year,mailed-check,fiber-optic,0,1
C00014,10,36.75,372.89,month-to-month,bank-transfer,dsl,0,1
C00015,62,45.05,2768.96,one-year,credit-card,fiber-optic,1,0
C00016,44,92.97,4245.85,one-year,electronic-check,dsl,0,1
C00017,13,50.97,686.8,one-year,electronic-check,none,0,0
C00018,49,90.99,4592.67,month-to-month,bank-transfer,dsl,0,0
C00019,30,120.32,3293.64,month-to-month,mailed-check,none,0,1
C00020,3,26.34,86.34,two-year,bank-transfer,fiber-optic,0,1
C00021,18,59.29,1032.16,month-to-month,electronic-check,dsl,0,0
C00022,54,64.05,3283.24,month-to-month,bank-transfer,fiber-optic,0,0
C00023,9,54.21,459.69,month-to-month,electronic-check,fiber-optic,0,1
C00024,24,51.76,1135.25,one-year,credit-card,fiber-optic,0,1
C00025,18,55.24,985.71,month-to-month,electronic-check,fiber-optic,0,1
C00026,52,69.54,3284.65,one-year,electronic-check,fiber-optic,0,1
C00027,61,74.95,4261.69,month-to-month,electronic-check,dsl,0,1
C00028,56,,4975.38,one-year,electronic-check,none,0,0
C00029,51,69.25,3301.79,two-year,mailed-check,none,0,0
C00030,6,103.55,682.81,month-to-month,bank-transfer,fiber-optic,0,1
C00031,65,52.25,3424.15,one-year,credit-card,dsl,0,0
C00032,11,33.96,341.21,one-year,credit-card,fiber-optic,0,1
C00033,29,60.86,1787.51,one-year,electronic-check,dsl,1,1
C00034,59,83.87,5048.37,month-to-month,mailed-check,none,0,0
C00035,17,95.81,1644.39,one-year,credit-card,dsl,0,1
C00036,15,113.81,1651.11,month-to-month,electronic-check,dsl,0,1
C00037,1,78.71,81.18,month-to-month,bank-transfer,dsl,0,0
C00038,25,92.59,2149.31,month-to-month,mailed-check,fiber-optic,1,0
C00039,35,111.06,3669.19,month-to-month,electronic-check,fiber-optic,0,0
C00040,33,46.62,1690.78,month-to-month,electronic-check,fiber-optic,0,1
C00041,2,63.7,125.24,one-year,mailed-check,fiber-optic,0,0
C00042,14,150.0,1952.07,one-year,electronic-check,none,1,0
C00043,0,95.69,0.0,month-to-month,electronic-check,fiber-optic,1,1
C00044,16,85.32,1426.33,month-to-month,bank-transfer,dsl,0,1
C00045,43,96.81,3843.36,one-year,credit-card,fiber-optic,1,1
C00046,0,29.93,0.0,month-to-month,bank-transfer,fiber-optic,0,1
C00047,11,50.6,537.45,one-year,bank-transfer,fiber-optic,0,0
C00048,39,39.63,1461.52,month-to-month,electronic-check,fiber-optic,0,1
C00049,40,82.56,3287.03,two-year,mailed-check,fiber-optic,0,0
C00050,64,58.93,3477.5,month-to-month,bank-transfer,dsl,1,1
C00051,41,72.86,2961.38,one-year,electronic-check,fiber-optic,0,0
C00052,66,60.67,3629.89,month-to-month,bank-transfer,fiber-optic,0,0
C00053,52,21.21,1206.55,month-to-month,electronic-check,fiber-optic,1,1
C00054,39,96.55,3844.4,two-year,mailed-check,dsl,0,1
C00055,27,17.13,423.3,two-year,bank-transfer,dsl,0,0
C00056,8,48.17,361.53,month-to-month,credit-card,dsl,0,1
C00057,50,30.54,1598.99,month-to-month,electronic-check,fiber-optic,0,1
C00058,67,43.61,3057.1,two-year,bank-transfer,dsl,0,0
C00059,26,76.06,1924.05,month-to-month,bank-transfer,fiber-optic,0,1
C00060,25,107.05,2488.09,two-year,electronic-check,dsl,0,0
C00061,7,23.17,163.36,month-to-month,bank-transfer,fiber-optic,0,1
C00062,43,53.28,2188.74,month-to-month,electronic-check,fiber-optic,0,1
C00063,22,17.53,354.53,month-to-month,bank-transfer,fiber-optic,0,1
C00064,0,51.84,0.0,month-to-month,electronic-check,fiber-optic,0,1
C00065,0,72.16,0.0,month-to-month,electronic-check,fiber-optic,0,1
C00066,24,93.01,2167.18,month-to-month,electronic-check,fiber-optic,0,1
C00067,33,15.0,449.54,two-year,mailed-check,fiber-optic,0,0
C00068,32,86.52,2558.34,month-to-month,electronic-check,fiber-optic,0,1
C00069,53,40.82,2205.19,one-year,mailed-check,dsl,0,0
C00070,38,33.51,1279.19,month-to-month,credit-card,fiber-optic,0,1
C00071,56,72.02,4174.44,one-year,credit-card,none,0,0
C00072,21,88.81,1891.87,month-to-month,credit-card,dsl,0,0
C00073,16,66.99,1071.19,one-year,mailed-check,dsl,0,1
C00074,38,37.21,1406.8,one-year,electronic-check,fiber-optic,1,0
C00075,7,66.97,512.07,two-year,mailed-check,fiber-optic,0,0
C00076,55,48.24, ,two-year,electronic-check,none,0,0
C00077,13,88.12,1118.74,month-to-month,electronic-check,dsl,0,0
C00078,65,102.26,6850.97,month-to-month,mailed-check,none,0,1
C00079,70,100.34,6350.37,month-to-month,bank-transfer,fiber-optic,0,1
C00080,38,69.41,2384.79,one-year,credit-card,fiber-optic,0,1
C00081,22,103.68,2198.19,month-to-month,bank-transfer,fiber-optic,0,1
C00082,24,39.37,993.04,two-year,mailed-check,dsl,1,0
C00083,30,123.49,4019.81,two-year,bank-transfer,dsl,0,0
C00084,34,39.2,1381.66,month-to-month,credit-card,fiber-optic,1,1
C00085,5,15.0,78.1,month-to-month,bank-transfer,dsl,0,0
C00086,14,110.96,1408.11,month-to-month,credit-card,dsl,0,0
C00087,56,48.7,2961.58,month-to-month,credit-card,dsl,0,0
C00088,3,73.5,202.28,month-to-month,bank-transfer,none,1,1
C00089,32,39.08,1362.19,month-to-month,credit-card,dsl,0,1
C00090,63,140.91,8241.08,two-year,mailed-check,fiber-optic,0,0
C00091,6,124.65,678.13,one-year,mailed-check,fiber-optic,0,1
C00092,66,,7779.91,month-to-month,electronic-check,none,1,1
C00093,34,72.65,2279.26,month-to-month,electronic-check,fiber-optic,0,1
C00094,30,,2701.56,one-year,bank-transfer,fiber-optic,0,1
C00095,51,,3605.93,month-to-month,credit-card,dsl,1,1
C00096,55,,5973.32,two-year,electronic-check,dsl,0,0
C00097,34,57.68,1879.96,month-to-month,bank-transfer,dsl,0,1
C00098,5,117.54,591.64,two-year,electronic-check,fiber-optic,0,0
C00099,69,56.17,3942.7,one-year,credit-card,fiber-optic,0,0
C00100,0,59.58,0.0,two-year,bank-transfer,fiber-optic,1,1
C00101,62,56.0,3430.63,one-year,mailed-check,fiber-optic,0,1
C00102,31,75.77,2413.33,one-year,mailed-check,fiber-optic,0,1
C00103,37,58.35,2325.65,month-to-month,credit-card,dsl,0,1
C00104,55,84.62,4578.45,one-year,mailed-check,none,1,0
C00105,67,55.57,3871.65,one-year,electronic-check,none,0,0
C00106,10,93.72,937.55,month-to-month,bank-transfer,dsl,0,1
C00107,58,115.55,6979.53,one-year,bank-transfer,fiber-optic,0,0
C00108,47,72.33,3595.81,month-to-month,bank-transfer,none,1,1
C00109,26,136.55,3571.99,month-to-month,mailed-check,none,1,1
C00110,30,103.83,2841.36,month-to-month,mailed-check,fiber-optic,0,1
C00111,55,134.15, ,month-to-month,electronic-check,dsl,0,1
C00112,10,68.16,695.41,month-to-month,credit-card,none,0,1
C00113,36,20.16,740.23,two-year,electronic-check,fiber-optic,0,1
C00114,51,48.82,2494.32,month-to-month,mailed-check,fiber-optic,0,1
C00115,38,51.88,1842.75,two-year,electronic-check,dsl,0,0
C00116,32,41.41,1321.43,two-year,electronic-check,none,0,0
C00117,37,15.0,559.09,month-to-month,electronic-check,fiber-optic,0,1
C00118,36,100.74,3542.31,one-year,mailed-check,fiber-optic,0,1
C00119,57,15.0,795.0,month-to-month,credit-card,fiber-optic,1,1
C00120,59,97.87,6076.95,two-year,electronic-check,fiber-optic,0,0
C00121,66,135.57,8869.71,month-to-month,credit-card,fiber-optic,0,1
C00122,5,46.65,242.61,month-to-month,bank-transfer,fiber-optic,0,1
C00123,23,81.63,1707.32,month-to-month,credit-card,fiber-optic,0,1
C00124,63,,3659.79,one-year,bank-transfer,none,0,0
C00125,46,94.81,3989.58,month-to-month,credit-card,fiber-optic,1,1
C00126,27,34.17,965.62,month-to-month,bank-transfer,dsl,0,0
C00127,45,66.05,3020.21,two-year,credit-card,dsl,1,0
C00128,33,103.64,3386.72,month-to-month,electronic-check,fiber-optic,0,1
C00129,63,68.53,4725.95,one-year,credit-card,dsl,0,1
C00130,40,21.14,816.22,one-year,electronic-check,fiber-optic,1,1
C00131,32,107.25,3379.06,month-to-month,electronic-check,fiber-optic,0,1
C00132,44,31.12,1434.36,month-to-month,bank-transfer,fiber-optic,0,1
C00133,13,72.36,945.42,month-to-month,mailed-check,dsl,0,1
C00134,55,87.48,4963.9,two-year,electronic-check,fiber-optic,0,0
C00135,14,73.6,1128.48,one-year,credit-card,dsl,0,0
C00136,1,146.12,151.84,month-to-month,bank-transfer,fiber-optic,0,1
C00137,3,92.01,256.76,two-year,mailed-check,dsl,0,0
C00138,4,63.93,240.85,month-to-month,mailed-check,none,0,0
C00139,7,88.08,662.17,month-to-month,bank-transfer,fiber-optic,0,1
C00140,3,76.3,208.2,month-to-month,mailed-check,fiber-optic,0,0
C00141,21,71.33,1500.7,one-year,bank-transfer,none,0,0
C00142,69,77.31,5767.76,month-to-month,electronic-check,none,0,0
C00143,7,56.98,420.88,one-year,mailed-check,none,0,0
C00144,48,76.39,3384.74,month-to-month,electronic-check,dsl,0,0
C00145,62,54.84,3563.29,one-year,mailed-check,dsl,0,1
C00146,58,15.0,849.48,two-year,mailed-check,fiber-optic,0,0
C00147,26,104.21,2926.8,month-to-month,bank-transfer,fiber-optic,0,1
C00148,3,53.04,161.43,month-to-month,credit-card,fiber-optic,0,1
C00149,26,74.24,1949.11,one-year,bank-transfer,fiber-optic,0,0
C00150,43,47.19,1829.68,month-to-month,credit-card,dsl,0,0
C00151,54,48.09,2466.99,month-to-month,mailed-check,dsl,0,1
C00152,10,38.83,381.53,one-year,mailed-check,fiber-optic,0,1
C00153,21,98.45,2160.01,month-to-month,bank-transfer,fiber-optic,0,1
C00154,43,105.69,4562.96,one-year,electronic-check,none,0,0
C00155,51,70.78,3864.19,month-to-month,mailed-check,fiber-optic,0,0
C00156,22,53.9,1075.37,month-to-month,credit-card,dsl,0,1
C00157,59,19.21,1093.12,one-year,mailed-check,dsl,0,1
C00158,57,93.86,5454.61,one-year,credit-card,fiber-optic,0,1
C00159,25,49.7,1282.04,month-to-month,bank-transfer,fiber-optic,0,1
C00160,38,36.48,1386.99,month-to-month,electronic-check,fiber-optic,0,1
C00161,34,70.88,2361.1,month-to-month,mailed-check,fiber-optic,0,0
C00162,48,59.98,2632.17,month-to-month,mailed-check,none,1,0
C00163,23,24.46,584.62,two-year,credit-card,fiber-optic,0,1
C00164,23,28.58,710.38,month-to-month,mailed-check,dsl,0,1
C00165,30,80.1,2551.31,one-year,mailed-check,fiber-optic,0,1
C00166,15,50.33,785.32,month-to-month,bank-transfer,dsl,0,0
C00167,41,85.31,3591.47,month-to-month,credit-card,dsl,0,1
C00168,68,74.4,5334.17,one-year,bank-transfer,fiber-optic,0,0
C00169,25,101.43,2676.0,one-year,credit-card,fiber-optic,0,1
C00170,61,,2476.27,month-to-month,electronic-check,dsl,0,0
C00171,33,,2468.17,month-to-month,credit-card,fiber-optic,0,1
C00172,11,89.15,1052.82,month-to-month,electronic-check,fiber-optic,0,1
C00173,35,51.21,1918.23,month-to-month,credit-card,dsl,0,1
C00174,35,103.82,3786.14,one-year,bank-transfer,fiber-optic,0,0
C00175,1,20.01,19.25,month-to-month,bank-transfer,dsl,0,1
C00176,34,45.01,1621.59,month-to-month,electronic-check,fiber-optic,0,1
C00177,11,18.89,196.63,month-to-month,bank-transfer,fiber-optic,1,1
C00178,57,47.92,2580.92,two-year,electronic-check,fiber-optic,0,0
C00179,38,65.36,2501.53,month-to-month,bank-transfer,fiber-optic,0,0
C00180,21,,2022.29,one-year,mailed-check,fiber-optic,1,0
C00181,0,65.34,0.0,month-to-month,electronic-check,dsl,0,1
C00182,41,52.14,2182.06,month-to-month,mailed-check,fiber-optic,0,0
C00183,50,23.52,1225.36,month-to-month,electronic-check,dsl,0,1
C00184,30,33.57,942.82,one-year,electronic-check,dsl,0,0
C00185,65,79.31,4936.97,month-to-month,electronic-check,fiber-optic,0,1
C00186,14,96.44,1404.18,two-year,mailed-check,dsl,0,0
C00187,54,57.42,3365.83,month-to-month,bank-transfer,fiber-optic,0,1
C00188,35,106.33,4007.71,two-year,bank-transfer,fiber-optic,0,1
C00189,22,41.5,845.42,month-to-month,electronic-check,fiber-optic,1,1
C00190,20,58.28,1181.93,month-to-month,mailed-check,none,0,1
C00191,32,60.82,2062.93,one-year,bank-transfer,fiber-optic,1,0
C00192,5,115.88,548.97,month-to-month,electronic-check,none,1,0
C00193,46,74.01,3501.95,month-to-month,electronic-check,fiber-optic,0,1
C00194,29,16.05,458.63,two-year,electronic-check,fiber-optic,0,1
C00195,48,98.55,4884.34,one-year,electronic-check,fiber-optic,0,0
C00196,37,125.38,4204.87,two-year,electronic-check,none,1,0
C00197,70,62.51,4211.86,month-to-month,bank-transfer,fiber-optic,0,1
C00198,5,43.09,207.14,one-year,credit-card,none,0,1
C00199,35,95.93,3302.86,one-year,credit-card,fiber-optic,0,0
C00200,38,128.93,4521.57,one-year,bank-transfer,none,0,1
C00201,17,95.46,1602.28,one-year,mailed-check,fiber-optic,1,1
C00202,48,21.31,1031.36,one-year,credit-card,dsl,0,1
C00203,26,92.64,2180.63,two-year,credit-card,dsl,1,0
C00204,54,82.13,4258.23,month-to-month,mailed-check,fiber-optic,0,1
C00205,66,41.36,2553.64,month-to-month,electronic-check,dsl,0,1
C00206,61,108.66,7254.49,month-to-month,mailed-check,dsl,1,0
C00207,45,83.15,3465.04,month-to-month,mailed-check,fiber-optic,1,1
C00208,51,109.45,5724.13,one-year,bank-transfer,fiber-optic,0,1
C00209,62,38.16,2319.22,month-to-month,electronic-check,dsl,1,1
C00210,70,81.96,5493.4,month-to-month,bank-transfer,fiber-optic,1,0
C00211,52,,2402.54,two-year,mailed-check,fiber-optic,1,0
C00212,65,77.43,5198.12,two-year,mailed-check,fiber-optic,1,0
C00213,69,114.32,8077.64,month-to-month,electronic-check,fiber-optic,0,0
C00214,12,27.21,299.96,month-to-month,bank-transfer,dsl,0,0
C00215,36,28.93,991.27,month-to-month,electronic-check,none,0,0
C00216,25,98.66,2356.34,month-to-month,credit-card,none,0,1
C00217,68,69.58,4669.1,month-to-month,bank-transfer,fiber-optic,0,1
C00218,53,105.14,6042.02,month-to-month,credit-card,dsl,0,0
C00219,63,45.78,2828.65,one-year,bank-transfer,fiber-optic,0,0
C00220,25,71.54,1726.88,month-to-month,credit-card,none,0,0
C00221,60,90.64,4971.93,month-to-month,electronic-check,none,0,0
C00222,5,76.31,372.75,one-year,electronic-check,none,0,0
C00223,67,16.34,996.62,month-to-month,credit-card,none,0,1
C00224,16,150.0,2335.3,month-to-month,bank-transfer,fiber-optic,0,1
C00225,37,,3090.04,month-to-month,bank-transfer,dsl,0,1
C00226,51,29.79,1536.19,month-to-month,mailed-check,dsl,1,1
C00227,53,79.43,3964.47,month-to-month,mailed-check,dsl,0,0
C00228,15,82.87,1193.2,month-to-month,bank-transfer,dsl,0,0
C00229,39,99.82,3948.25,month-to-month,mailed-check,dsl,1,0
C00230,38,97.81,3359.59,two-year,electronic-check,fiber-optic,0,1
C00231,55,63.58,3776.63,two-year,mailed-check,fiber-optic,0,0
C00232,23,18.34,428.36,month-to-month,mailed-check,dsl,0,1
C00233,54,83.84,4520.42,two-year,credit-card,none,0,0
C00234,44,20.73, ,month-to-month,mailed-check,none,0,0
C00235,54,106.46,5404.07,month-to-month,mailed-check,dsl,0,0
C00236,63,48.02,2735.67,month-to-month,bank-transfer,dsl,0,0
C00237,30,89.05,2733.03,month-to-month,electronic-check,fiber-optic,1,1
C00238,31,50.31,1453.7,month-to-month,bank-transfer,none,0,1
C00239,57,55.24,2841.46,two-year,electronic-check,fiber-optic,1,0
C00240,56,45.97,2795.21,month-to-month,credit-card,dsl,0,1
C00241,63,91.48,6095.85,month-to-month,mailed-check,fiber-optic,0,1
C00242,39,51.36,1848.47,month-to-month,mailed-check,none,0,0
C00243,45,93.06,4519.46,two-year,mailed-check,dsl,0,1
C00244,4,52.14,190.54,month-to-month,mailed-check,fiber-optic,0,1
C00245,32,,2140.12,two-year,bank-transfer,fiber-optic,1,0
C00246,17,71.07,1187.47,month-to-month,bank-transfer,dsl,0,1
C00247,61,74.61,4568.04,one-year,credit-card,none,0,1
C00248,8,42.27,349.58,month-to-month,credit-card,dsl,0,1
C00249,56,,4692.94,month-to-month,mailed-check,none,0,1
C00250,60,61.86,4014.27,month-to-month,bank-transfer,fiber-optic,0,1
C00251,33,86.32,2645.45,month-to-month,mailed-check,dsl,0,0
C00252,48,,3631.31,month-to-month,credit-card,fiber-optic,1,1
C00253,41,87.59,3297.91,month-to-month,electronic-check,dsl,0,0
C00254,49,57.66,2639.99,one-year,credit-card,dsl,1,0
C00255,49,46.31,2068.48,one-year,mailed-check,dsl,0,0
C00256,18,82.81,1460.03,month-to-month,bank-transfer,none,0,1
C00257,49,55.19,2753.36,one-year,bank-transfer,none,0,0
C00258,64,113.76,7463.0,one-year,mailed-check,dsl,0,1
C00259,22,72.03,1688.77,two-year,credit-card,fiber-optic,0,1
C00260,22,28.79,637.0,month-to-month,mailed-check,none,0,1
C00261,21,52.44,1103.38,month-to-month,bank-transfer,fiber-optic,0,0
C00262,65,40.02,2510.9,two-year,credit-card,dsl,1,0
C00263,63,102.19,6632.37,two-year,electronic-check,fiber-optic,1,0
C00264,25,93.21,2520.54,two-year,credit-card,fiber-optic,0,1
C00265,67,68.17,4435.13,one-year,credit-card,dsl,0,0
C00266,54,78.7,4127.82,one-year,mailed-check,fiber-optic,0,1
C00267,28,67.37,1827.24,two-year,credit-card,fiber-optic,0,0
C00268,59,95.81,5344.73,month-to-month,electronic-check,fiber-optic,0,1
C00269,65,85.59,5637.9,month-to-month,electronic-check,fiber-optic,0,1
C00270,62,91.0,5196.89,two-year,credit-card,fiber-optic,0,0
C00271,33,64.24,2262.03,two-year,credit-card,fiber-optic,0,1
C00272,15,51.05,710.32,month-to-month,electronic-check,fiber-optic,1,0
C00273,12,89.95,1009.03,month-to-month,bank-transfer,dsl,0,0
C00274,59,116.54,6282.59,two-year,electronic-check,fiber-optic,0,0
C00275,52,103.18,5238.05,month-to-month,credit-card,fiber-optic,0,1
C00276,51,117.45,6298.59,one-year,credit-card,fiber-optic,0,0
C00277,3,74.86,243.0,month-to-month,mailed-check,fiber-optic,0,1
C00278,69,40.9,2785.02,month-to-month,electronic-check,fiber-optic,0,0
C00279,8,43.56,330.05,one-year,electronic-check,fiber-optic,0,1
C00280,41,111.39,4772.98,two-year,bank-transfer,fiber-optic,0,0
C00281,67,15.0,1042.82,month-to-month,credit-card,fiber-optic,0,0
C00282,17,115.14,2028.54,month-to-month,bank-transfer,fiber-optic,0,1
C00283,37,46.37,1696.31,month-to-month,mailed-check,fiber-optic,0,0
C00284,60,127.7,7762.17,month-to-month,bank-transfer,none,1,1
C00285,19,67.88,1176.77,two-year,credit-card,fiber-optic,0,1
C00286,7,91.68,609.65,month-to-month,credit-card,dsl,0,0
C00287,34,141.55,5223.7,two-year,electronic-check,none,0,1
C00288,57,60.1,3111.53,two-year,electronic-check,dsl,0,1
C00289,41,59.59,2346.32,month-to-month,mailed-check,fiber-optic,1,1
C00290,31,49.15,1440.49,month-to-month,mailed-check,none,0,0
C00291,46,39.95,1701.65,two-year,bank-transfer,dsl,0,1
C00292,3,60.11,195.62,month-to-month,credit-card,dsl,0,1
C00293,25,53.35,1234.07,two-year,bank-transfer,dsl,0,1
C00294,63,32.49,2042.66,month-to-month,credit-card,none,1,1
C00295,27,63.69,1836.27,month-to-month,mailed-check,fiber-optic,0,0
C00296,69,83.49,5189.41,month-to-month,bank-transfer,fiber-optic,0,1
C00297,39,43.12,1550.12,month-to-month,bank-transfer,dsl,1,0
C00298,67,65.13,4225.5,one-year,mailed-check,dsl,0,0
C00299,45,112.2,4692.86,one-year,bank-transfer,dsl,0,0
C00300,30,27.41,770.22,month-to-month,bank-transfer,none,0,1
C00301,66,127.95,8598.66,month-to-month,bank-transfer,dsl,0,0
C00302,19,49.78,883.5,month-to-month,mailed-check,none,0,0
C00303,28,76.03,2187.87,two-year,mailed-check,fiber-optic,0,0
C00304,52,108.37,6103.83,two-year,credit-card,none,0,0
C00305,62,117.53,6892.55,one-year,bank-transfer,fiber-optic,0,0
C00306,13,84.09,1030.32,two-year,electronic-check,fiber-optic,0,1
C00307,71,49.16,3149.59,month-to-month,bank-transfer,dsl,0,0
C00308,31,46.52,1302.02,month-to-month,bank-transfer,fiber-optic,0,0
C00309,24,52.75,1239.9,month-to-month,credit-card,fiber-optic,0,1
C00310,9,126.68,1137.6,two-year,credit-card,dsl,0,0
C00311,1,58.51,54.79,month-to-month,bank-transfer,none,0,1
C00312,40,79.71,3075.48,two-year,electronic-check,dsl,0,0
C00313,43,38.69,1543.88,month-to-month,mailed-check,dsl,0,1
C00314,6,,219.54,month-to-month,electronic-check,fiber-optic,1,1
C00315,65,70.79,4502.94,month-to-month,electronic-check,fiber-optic,0,1
C00316,39,60.26,2460.19,one-year,credit-card,dsl,1,0
C00317,3,62.45,189.23,month-to-month,electronic-check,none,0,1
C00318,60,25.63,1499.94,two-year,electronic-check,dsl,0,0
C00319,14,67.8,973.12,one-year,mailed-check,fiber-optic,1,0
C00320,48,116.48,5039.87,month-to-month,mailed-check,dsl,0,0
C00321,48,44.41,2212.78,one-year,bank-transfer,dsl,0,0
C00322,58,96.92,5476.56,month-to-month,mailed-check,fiber-optic,0,1
C00323,58,15.0,872.36,two-year,credit-card,none,0,0
C00324,70,45.93,3230.13,month-to-month,electronic-check,fiber-optic,0,1
C00325,6,15.0,91.05,one-year,credit-card,dsl,0,0
C00326,26,107.09,2896.94,month-to-month,credit-card,dsl,1,0
C00327,26,96.36,2310.35,month-to-month,bank-transfer,none,0,0
C00328,27,38.97,1049.87,one-year,electronic-check,dsl,0,0
C00329,17,78.68,1226.02,month-to-month,bank-transfer,fiber-optic,1,1
C00330,16,106.05,1606.6,one-year,bank-transfer,dsl,0,0
C00331,69,110.72,7164.62,month-to-month,bank-transfer,dsl,1,1
C00332,64,57.83,3773.94,month-to-month,mailed-check,dsl,0,1
C00333,49,15.0,750.6,month-to-month,mailed-check,dsl,0,1
C00334,39,43.04,1789.8,one-year,mailed-check,fiber-optic,0,0
C00335,34,92.98,3175.27,month-to-month,bank-transfer,fiber-optic,1,1
C00336,49,132.97,6834.21,month-to-month,mailed-check,none,0,1
C00337,62,68.37,4568.81,month-to-month,mailed-check,dsl,1,1
C00338,30,51.8,1439.97,month-to-month,credit-card,fiber-optic,0,1
C00339,38,141.98,5633.71,one-year,mailed-check,fiber-optic,0,1
C00340,65,82.17,5157.37,two-year,bank-transfer,dsl,0,0
C00341,65,33.17,2060.16,one-year,credit-card,dsl,0,0
C00342,16,66.43,1161.35,month-to-month,credit-card,dsl,0,0
C00343,17,100.0,1600.16,month-to-month,bank-transfer,dsl,0,0
C00344,14,67.89,1029.24,one-year,mailed-check,fiber-optic,0,0
C00345,1,93.83,99.91,one-year,electronic-check,dsl,0,1
C00346,50,21.85,1175.22,month-to-month,credit-card,fiber-optic,0,1
C00347,30,26.97,823.16,one-year,bank-transfer,fiber-optic,0,0
C00348,2,47.95,97.53,month-to-month,bank-transfer,fiber-optic,0,1
C00349,14,61.53,844.69,month-to-month,credit-card,dsl,0,1
C00350,38,80.02,2980.45,month-to-month,mailed-check,fiber-optic,0,0
C00351,60,89.1,5721.11,month-to-month,electronic-check,fiber-optic,0,0
C00352,47,143.98,6615.3,month-to-month,bank-transfer,none,1,0
C00353,38,47.84,1813.21,month-to-month,credit-card,dsl,0,1
C00354,13,60.58,865.73,month-to-month,electronic-check,dsl,1,1
C00355,20,48.68,945.24,month-to-month,credit-card,none,0,1
C00356,56,102.38,6103.28,month-to-month,bank-transfer,dsl,0,1
C00357,55,104.02,5466.09,month-to-month,bank-transfer,dsl,0,1
C00358,62,56.57,3174.21,two-year,credit-card,none,0,1
C00359,37,131.97,4974.22,one-year,mailed-check,fiber-optic,0,0
C00360,19,48.73,922.1,month-to-month,bank-transfer,fiber-optic,0,1
C00361,36,100.9,3840.57,month-to-month,electronic-check,dsl,0,0
C00362,64,113.64,6551.46,month-to-month,bank-transfer,dsl,0,1
C00363,13,29.15,346.43,month-to-month,electronic-check,dsl,0,0
C00364,60,87.33,5616.66,month-to-month,electronic-check,fiber-optic,0,0
C00365,71,15.0,1060.92,month-to-month,mailed-check,fiber-optic,0,1
C00366,59,,5595.98,month-to-month,mailed-check,fiber-optic,0,1
C00367,47,36.95,1641.25,one-year,credit-card,none,0,0
C00368,29,87.02,2738.68,month-to-month,credit-card,none,0,1
C00369,61,92.65,6120.06,month-to-month,credit-card,dsl,0,0
C00370,11,103.6,1143.45,month-to-month,bank-transfer,fiber-optic,0,0
C00371,54,96.71,4927.44,two-year,electronic-check,fiber-optic,1,1
C00372,28,71.68,2200.74,one-year,bank-transfer,fiber-optic,0,1
C00373,36,58.59,2274.63,one-year,mailed-check,none,0,0
C00374,33,67.77,2245.93,two-year,bank-transfer,fiber-optic,0,1
C00375,0,,0.0,month-to-month,bank-transfer,fiber-optic,0,1
C00376,71,63.65,4464.58,month-to-month,credit-card,dsl,0,1
C00377,48,,2768.48,one-year,mailed-check,fiber-optic,1,0
C00378,43,46.35,2065.53,month-to-month,credit-card,fiber-optic,0,1
C00379,7,17.76,128.56,one-year,bank-transfer,fiber-optic,0,0
C00380,56,31.69,1791.55,month-to-month,bank-transfer,fiber-optic,0,1
C00381,69,15.0,1100.09,month-to-month,credit-card,fiber-optic,0,0
C00382,58,60.76,3490.34,month-to-month,credit-card,fiber-optic,0,0
C00383,17,,1473.02,month-to-month,mailed-check,none,0,0
C00384,13,15.0,183.96,one-year,electronic-check,dsl,0,0
C00385,26,77.1,2189.79,month-to-month,electronic-check,fiber-optic,0,1
C00386,1,66.33,62.41,month-to-month,mailed-check,fiber-optic,0,1
C00387,39,34.7,1261.21,month-to-month,bank-transfer,fiber-optic,0,0
C00388,32,57.06,1863.8,two-year,credit-card,fiber-optic,0,1
C00389,36,101.52,3357.42,one-year,electronic-check,fiber-optic,0,1
C00390,71,40.77,2702.71,one-year,mailed-check,fiber-optic,0,1
C00391,47,72.37,3556.98,month-to-month,credit-card,dsl,0,0
C00392,30,80.4,2319.39,month-to-month,credit-card,none,0,0
C00393,56,45.33,2691.07,month-to-month,credit-card,fiber-optic,0,1
C00394,26,100.25,2426.89,month-to-month,credit-card,dsl,0,1
C00395,54,82.12,4332.5,month-to-month,electronic-check,dsl,0,0
C00396,67,62.44,4088.51,two-year,bank-transfer,dsl,0,0
C00397,65,140.9,9122.41,month-to-month,bank-transfer,dsl,0,1
C00398,37,100.38,3647.4,month-to-month,mailed-check,dsl,1,1
C00399,33,19.42,626.19,month-to-month,credit-card,dsl,0,1
C00400,28,58.33,1577.07,month-to-month,credit-card,none,0,1
C00401,38,144.0,4941.36,month-to-month,mailed-check,fiber-optic,0,1
C00402,67,40.53,2779.14,one-year,bank-transfer,none,0,0
C00403,62,71.99,4439.72,two-year,mailed-check,fiber-optic,0,1
C00404,43,106.93,4481.45,one-year,bank-transfer,fiber-optic,0,1
C00405,20,89.57,1688.0,two-year,credit-card,none,0,1
C00406,27,93.89,2733.59,month-to-month,credit-card,dsl,1,0
C00407,17,92.13,1484.07,one-year,electronic-check,fiber-optic,1,0
C00408,13,70.76,997.35,two-year,credit-card,none,0,1
C00409,0,46.23,0.0,month-to-month,bank-transfer,none,1,1
C00410,55,83.04,4998.0,one-year,bank-transfer,fiber-optic,0,0
C00411,53,57.92,3020.38,two-year,electronic-check,none,0,0
C00412,12,55.56,671.08,one-year,mailed-check,fiber-optic,0,1
C00413,49,114.47,5383.53,month-to-month,mailed-check,dsl,0,1
C00414,11,58.57,700.86,month-to-month,electronic-check,dsl,0,0
C00415,19,121.18,2202.37,one-year,credit-card,fiber-optic,0,1
C00416,18,77.7,1463.05,two-year,electronic-check,dsl,0,0
C00417,9,65.23,530.73,month-to-month,bank-transfer,dsl,0,1
C00418,52,15.47,814.05,month-to-month,bank-transfer,dsl,0,0
C00419,3,133.6,420.15,month-to-month,bank-transfer,none,1,1
C00420,29,69.82,2013.01,month-to-month,credit-card,none,0,1
C00421,35,15.0,540.05,one-year,electronic-check,none,0,0
C00422,41,99.63,4303.9,month-to-month,electronic-check,fiber-optic,0,1
C00423,13,68.49,890.47,month-to-month,credit-card,none,0,1
C00424,33,42.06,1309.73,one-year,electronic-check,fiber-optic,0,0
C00425,57,97.94,5467.07,month-to-month,mailed-check,fiber-optic,0,1
C00426,26,15.0,408.0,one-year,bank-transfer,fiber-optic,0,0
C00427,68,48.58,3152.02,month-to-month,bank-transfer,dsl,0,1
C00428,30,61.02,1878.88,month-to-month,electronic-check,fiber-optic,1,1
C00429,55,95.57,4886.39,two-year,electronic-check,fiber-optic,1,0
C00430,8,137.21,1192.12,month-to-month,credit-card,none,0,0
C00431,61,,3900.79,month-to-month,bank-transfer,dsl,1,1
C00432,34,83.8,2831.06,month-to-month,credit-card,dsl,0,1
C00433,71,,11313.54,one-year,bank-transfer,fiber-optic,1,1
C00434,50,70.14,3715.55,month-to-month,bank-transfer,dsl,0,0
C00435,53,84.05,4095.7,month-to-month,mailed-check,none,0,0
C00436,10,,316.11,month-to-month,electronic-check,fiber-optic,0,0
C00437,40,128.78,5108.33,two-year,bank-transfer,fiber-optic,0,0
C00438,53,48.61,2494.2,one-year,bank-transfer,fiber-optic,1,0
C00439,58,78.06,4361.89,two-year,mailed-check,fiber-optic,0,1
C00440,27,77.21,2022.97,one-year,credit-card,dsl,0,0
C00441,40,72.56,2694.62,two-year,bank-transfer,fiber-optic,1,0
C00442,12,56.97,631.61,month-to-month,bank-transfer,dsl,0,0
C00443,31,77.24,2279.65,month-to-month,bank-transfer,fiber-optic,0,0
C00444,34,122.72,3813.73,two-year,electronic-check,none,0,0
C00445,2,138.43,277.42,two-year,credit-card,dsl,0,0
C00446,65,64.75,3916.52,two-year,electronic-check,fiber-optic,0,0
C00447,46,56.52,2374.9,two-year,electronic-check,fiber-optic,0,0
C00448,13,45.74,634.67,one-year,credit-card,fiber-optic,0,0
C00449,64,150.0,9768.02,month-to-month,electronic-check,fiber-optic,1,1
C00450,49,73.87,3907.75,one-year,bank-transfer,fiber-optic,0,0
C00451,49,103.45,5559.19,month-to-month,electronic-check,fiber-optic,0,0
C00452,67,90.9,6204.21,one-year,bank-transfer,fiber-optic,0,1
C00453,29,136.25,4185.21,two-year,electronic-check,dsl,0,0
C00454,25,62.57,1457.71,one-year,mailed-check,fiber-optic,0,0
C00455,44,36.79,1682.89,month-to-month,bank-transfer,fiber-optic,0,0
C00456,63,125.78,8002.9,one-year,mailed-check,fiber-optic,0,1
C00457,58,97.1,5830.43,two-year,electronic-check,none,0,0
C00458,56,83.69,4316.06,month-to-month,electronic-check,dsl,1,1
C00459,55,116.06,6939.44,month-to-month,electronic-check,fiber-optic,0,1
C00460,2,85.4,167.98,one-year,electronic-check,fiber-optic,0,0
C00461,35,117.1,4324.46,two-year,mailed-check,fiber-optic,0,0
C00462,25,77.4,2124.81,one-year,electronic-check,none,0,0
C00463,26,97.06,2711.93,one-year,bank-transfer,dsl,0,1
C00464,61,85.79,5036.22,month-to-month,credit-card,fiber-optic,0,1
C00465,28,60.24,1653.69,month-to-month,bank-transfer,fiber-optic,0,0
C00466,60,63.84,3944.18,two-year,mailed-check,fiber-optic,0,0
C00467,65,58.21,3812.69,month-to-month,mailed-check,fiber-optic,0,1
C00468,32,77.96,2450.11,month-to-month,credit-card,fiber-optic,1,1
C00469,12,56.33,696.64,month-to-month,credit-card,dsl,1,0
C00470,50,83.08,4494.07,month-to-month,bank-transfer,fiber-optic,0,1
C00471,62,82.06,4893.7,month-to-month,electronic-check,fiber-optic,0,1
C00472,29,76.15,2044.32,one-year,credit-card,fiber-optic,0,0
C00473,14,76.68,1111.19,month-to-month,bank-transfer,dsl,1,0
C00474,37,53.02,1996.71,one-year,electronic-check,none,0,1
C00475,70,61.54,4657.29,month-to-month,mailed-check,fiber-optic,0,1
C00476,37,19.88,771.33,two-year,bank-transfer,dsl,0,0
C00477,32,66.4,2081.2,month-to-month,credit-card,dsl,0,0
C00478,31,40.43,1286.61,month-to-month,credit-card,fiber-optic,0,1
C00479,52,73.0,4070.86,month-to-month,electronic-check,none,1,1
C00480,24,48.57,1130.01,two-year,bank-transfer,fiber-optic,0,0
C00481,52,15.0,704.16,one-year,credit-card,none,0,0
C00482,71,137.57,10014.51,one-year,credit-card,fiber-optic,0,1
C00483,55,63.06,3139.31,month-to-month,bank-transfer,fiber-optic,0,0
C00484,66,113.41,8140.1,month-to-month,credit-card,fiber-optic,0,1
C00485,56,54.19,2833.28,two-year,bank-transfer,dsl,0,1
C00486,60,120.94,7074.13,month-to-month,bank-transfer,dsl,0,1
C00487,2,35.45,77.23,one-year,bank-transfer,fiber-optic,0,1
C00488,25,75.28,1723.91,two-year,credit-card,dsl,0,1
C00489,19,37.23,637.27,one-year,mailed-check,dsl,0,1
C00490,62,148.02,8449.87,month-to-month,credit-card,dsl,0,1
C00491,16,62.52,1097.6,month-to-month,electronic-check,dsl,0,1
C00492,69,94.85,7162.38,month-to-month,mailed-check,dsl,0,1
C00493,50,83.52,4079.49,two-year,credit-card,dsl,0,0
C00494,8,69.23,580.78,two-year,electronic-check,none,0,0
C00495,49,85.53,4388.81,month-to-month,credit-card,fiber-optic,0,0
C00496,24,110.78,2445.82,two-year,bank-transfer,fiber-optic,1,1
C00497,21,90.05,1790.79,month-to-month,electronic-check,dsl,0,1
C00498,71,,5729.6,month-to-month,electronic-check,dsl,0,0
C00499,57,85.58,4551.89,month-to-month,electronic-check,none,0,1
C00500,54,127.45,6911.07,two-year,mailed-check,fiber-optic,0,0
C00501,22,57.5,1200.18,month-to-month,mailed-check,none,0,0
C00502,47,,713.12,month-to-month,credit-card,fiber-optic,0,1
C00503,24,,836.47,month-to-month,credit-card,fiber-optic,0,1
C00504,43,39.34,1595.3,month-to-month,electronic-check,fiber-optic,0,0
C00505,28,43.56,1109.17,month-to-month,bank-transfer,dsl,0,0
C00506,43,44.59,2105.47,month-to-month,credit-card,none,0,0
C00507,53,69.29,3388.3,two-year,bank-transfer,dsl,0,0
C00508,22,77.42,1674.55,two-year,electronic-check,fiber-optic,0,0
C00509,0,77.1,0.0,month-to-month,electronic-check,dsl,0,1
C00510,6,48.09,277.22,two-year,bank-transfer,fiber-optic,0,0
C00511,65,99.82,6869.59,two-year,credit-card,fiber-optic,0,1
C00512,69,86.03,5743.62,two-year,electronic-check,fiber-optic,0,0
C00513,49,117.44,5898.91,month-to-month,electronic-check,none,0,1
C00514,7,95.4,673.56,two-year,electronic-check,dsl,0,0
C00515,42,59.51,2681.57,one-year,mailed-check,none,0,0
C00516,31,109.16,3600.34,month-to-month,credit-card,fiber-optic,0,1
C00517,17,78.21,1254.53,one-year,credit-card,none,0,0
C00518,27,93.94,2663.24,month-to-month,mailed-check,fiber-optic,0,0
C00519,56,91.61,5430.52,one-year,bank-transfer,fiber-optic,0,0
C00520,71,66.27,5099.67,one-year,electronic-check,fiber-optic,0,1
C00521,62,73.1,4951.95,month-to-month,bank-transfer,none,1,1
C00522,14,66.06,968.65,month-to-month,bank-transfer,none,0,0
C00523,36,44.41,1582.81,two-year,credit-card,fiber-optic,0,0
C00524,38,15.0,546.4,month-to-month,credit-card,fiber-optic,0,1
C00525,21,49.19,1108.23,two-year,electronic-check,fiber-optic,1,1
C00526,31,75.97,2550.97,one-year,mailed-check,dsl,0,0
C00527,27,102.57,2546.43,month-to-month,electronic-check,dsl,0,0
C00528,5,93.88,474.5,month-to-month,electronic-check,fiber-optic,0,1
C00529,29,61.61,1654.23,two-year,electronic-check,fiber-optic,0,1
C00530,26,49.59,1225.4,two-year,credit-card,fiber-optic,0,1
C00531,22,64.6,1388.08,month-to-month,mailed-check,fiber-optic,0,0
C00532,44,40.75,1725.28,month-to-month,bank-transfer,dsl,0,1
C00533,51,15.0,798.05,month-to-month,bank-transfer,dsl,0,0
C00534,3,23.65,64.96,one-year,credit-card,dsl,0,0
C00535,24,111.24,2730.56,month-to-month,bank-transfer,dsl,1,1
C00536,2,125.72,255.53,month-to-month,credit-card,fiber-optic,0,1
C00537,59,92.62,5778.35,month-to-month,mailed-check,fiber-optic,0,1
C00538,66,68.26,4141.48,two-year,credit-card,none,0,0
C00539,33,28.21,899.78,month-to-month,credit-card,dsl,0,0
C00540,68,65.17,4605.98,one-year,bank-transfer,none,0,0
C00541,45,88.36,4144.32,month-to-month,mailed-check,fiber-optic,0,1
C00542,62,94.9,5824.3,one-year,electronic-check,dsl,0,0
C00543,68,90.66,6118.03,one-year,electronic-check,fiber-optic,0,0
C00544,42,106.29,4879.18,two-year,mailed-check,none,0,0
C00545,32,128.29,3962.56,one-year,mailed-check,fiber-optic,1,0
C00546,53,57.85,2851.46,month-to-month,electronic-check,fiber-optic,0,1
C00547,12,150.0,1963.02,month-to-month,credit-card,dsl,1,1
C00548,21,15.0,334.51,month-to-month,electronic-check,dsl,0,1
C00549,39,46.65,1723.7,month-to-month,mailed-check,dsl,1,1
C00550,14,76.0,1140.02,two-year,mailed-check,dsl,1,0
C00551,35,86.47,2876.55,month-to-month,credit-card,fiber-optic,0,0
C00552,61,64.55,4195.48,two-year,electronic-check,dsl,0,1
C00553,56,55.13,3166.49,month-to-month,credit-card,fiber-optic,0,1
C00554,64,136.08,8678.62,two-year,bank-transfer,none,0,0
C00555,61,53.69,3555.77,two-year,credit-card,none,0,0
C00556,23,39.42,962.73,one-year,credit-card,dsl,0,0
C00557,51,120.72,5701.26,month-to-month,credit-card,dsl,0,1
C00558,26,95.47,2584.4,two-year,mailed-check,fiber-optic,0,0
C00559,69,102.84,7506.93,two-year,bank-transfer,dsl,0,0
C00560,12,75.88,918.0,month-to-month,mailed-check,fiber-optic,0,0
C00561,19,28.72,521.25,two-year,credit-card,fiber-optic,0,1
C00562,67,72.54,4601.99,two-year,electronic-check,fiber-optic,1,0
C00563,17,24.59,457.66,month-to-month,bank-transfer,dsl,0,0
C00564,44,77.27,3356.87,month-to-month,electronic-check,dsl,0,1
C00565,20,89.6,1798.79,month-to-month,mailed-check,none,0,0
C00566,20,,2085.41,month-to-month,credit-card,none,0,0
C00567,48,67.23,2969.21,two-year,electronic-check,fiber-optic,0,0
C00568,57,92.44,4827.98,two-year,credit-card,fiber-optic,0,0
C00569,16,42.88,644.73,month-to-month,credit-card,fiber-optic,1,1
C00570,70,99.0,6327.48,one-year,mailed-check,dsl,0,0
C00571,6,90.24,584.57,month-to-month,mailed-check,none,0,0
C00572,7,45.99,299.28,month-to-month,electronic-check,dsl,0,0
C00573,70,,5684.89,one-year,credit-card,fiber-optic,0,0
C00574,3,102.69,310.37,one-year,bank-transfer,dsl,0,0
C00575,22,72.36,1718.05,month-to-month,credit-card,fiber-optic,0,1
C00576,8,45.32,329.89,month-to-month,mailed-check,fiber-optic,0,0
C00577,16,75.33,1136.85,two-year,mailed-check,fiber-optic,0,0
C00578,5,86.57,451.68,month-to-month,bank-transfer,fiber-optic,0,1
C00579,25,45.1,1131.81,month-to-month,mailed-check,fiber-optic,1,1
C00580,21,,850.97,two-year,mailed-check,fiber-optic,0,0
C00581,11,85.65,851.12,two-year,electronic-check,fiber-optic,1,0
C00582,51,94.7,5183.99,one-year,credit-card,fiber-optic,0,0
C00583,2,134.49,273.22,month-to-month,mailed-check,fiber-optic,1,0
C00584,34,,3263.61,one-year,credit-card,fiber-optic,0,1
C00585,21,33.73,773.97,one-year,bank-transfer,dsl,0,1
C00586,46,131.19,6315.12,month-to-month,bank-transfer,fiber-optic,0,1
C00587,24,101.65,2210.76,month-to-month,mailed-check,dsl,0,1
C00588,34,15.0,531.58,month-to-month,mailed-check,fiber-optic,0,1
C00589,58,39.09,2296.08,month-to-month,mailed-check,fiber-optic,0,1
C00590,10,55.25,508.72,two-year,electronic-check,none,0,0
C00591,31,95.14,2814.01,one-year,bank-transfer,dsl,0,0
C00592,40,15.0,560.26,month-to-month,electronic-check,fiber-optic,0,1
C00593,53,66.43,3819.75,month-to-month,mailed-check,dsl,0,1
C00594,38,93.43,3760.07,month-to-month,bank-transfer,none,0,0
C00595,52,15.0,811.33,month-to-month,electronic-check,dsl,0,1
C00596,57,,5544.34,month-to-month,electronic-check,fiber-optic,0,1
C00597,56,96.01,5485.33,two-year,electronic-check,dsl,0,0
C00598,44,44.6,2101.86,two-year,credit-card,fiber-optic,0,0
C00599,66,35.4,2209.67,two-year,credit-card,dsl,1,0
C00600,1,,41.93,month-to-month,electronic-check,fiber-optic,0,1
C00601,35,15.0,534.63,two-year,mailed-check,dsl,0,0
C00602,57,60.21,3645.11,one-year,electronic-check,fiber-optic,0,0
C00603,7,,572.12,month-to-month,electronic-check,dsl,1,1
C00604,58,33.42,2122.98,month-to-month,credit-card,fiber-optic,0,1
C00605,2,99.16,208.73,month-to-month,mailed-check,dsl,0,1
C00606,56,73.08,3873.57,month-to-month,credit-card,none,1,1
C00607,13,77.8,956.92,two-year,bank-transfer,fiber-optic,0,0
C00608,48,57.94,2750.86,one-year,mailed-check,fiber-optic,0,0
C00609,59,92.29,5608.71,two-year,credit-card,dsl,0,0
C00610,58,108.72,6321.96,one-year,electronic-check,dsl,0,1
C00611,41,,2163.84,month-to-month,mailed-check,none,1,1
C00612,65,92.83,6012.17,month-to-month,mailed-check,fiber-optic,0,1
C00613,10,93.16,990.69,month-to-month,bank-transfer,fiber-optic,0,1
C00614,17,82.54,1330.24,two-year,electronic-check,fiber-optic,1,1
C00615,9,120.31,1112.05,month-to-month,bank-transfer,dsl,0,1
C00616,51,48.21,2345.24,month-to-month,credit-card,none,0,0
C00617,64,57.35,3711.5,month-to-month,credit-card,fiber-optic,0,1
C00618,66,46.69,3205.49,two-year,credit-card,none,0,1
C00619,37,91.75,3195.99,month-to-month,bank-transfer,fiber-optic,0,1
C00620,9,61.83,583.09,month-to-month,credit-card,dsl,0,1
C00621,12,,610.34,one-year,bank-transfer,fiber-optic,1,1
C00622,45,119.89,5193.21,month-to-month,credit-card,none,0,1
C00623,64,124.29,8582.6,one-year,electronic-check,dsl,1,1
C00624,71,60.14,4509.44,one-year,electronic-check,fiber-optic,0,1
C00625,51,28.98,1484.11,month-to-month,mailed-check,fiber-optic,1,1
C00626,63,125.91,7270.01,month-to-month,bank-transfer,dsl,0,1
C00627,34,84.12,2826.18,month-to-month,credit-card,dsl,0,1
C00628,14,82.62,1117.34,month-to-month,electronic-check,fiber-optic,0,1
C00629,33,73.15,2299.26,one-year,electronic-check,none,0,0
C00630,7,45.99,331.18,month-to-month,credit-card,fiber-optic,1,1
C00631,48,57.6,2998.07,month-to-month,mailed-check,none,1,1
C00632,23,90.33,1930.76,one-year,electronic-check,dsl,0,0
C00633,24,56.57,1423.37,one-year,bank-transfer,dsl,0,0
C00634,0,82.99,0.0,two-year,credit-card,dsl,0,1
C00635,71,70.4,5165.45,two-year,credit-card,fiber-optic,0,0
C00636,30,38.29,1228.11,month-to-month,credit-card,fiber-optic,1,1
C00637,56,118.63,6478.02,month-to-month,electronic-check,dsl,0,1
C00638,37,87.82,3301.08,one-year,electronic-check,fiber-optic,0,1
C00639,46,79.92,3512.2,one-year,credit-card,fiber-optic,1,0
C00640,33,86.65,2736.06,month-to-month,bank-transfer,fiber-optic,0,0
C00641,49,16.21,796.56,two-year,electronic-check,fiber-optic,0,0
C00642,14,55.2,696.71,one-year,mailed-check,fiber-optic,0,0
C00643,71,24.18,1630.36,month-to-month,credit-card,none,0,0
C00644,30,73.74, ,one-year,credit-card,fiber-optic,0,0
C00645,0,79.78,0.0,month-to-month,credit-card,none,0,1
C00646,68,74.24,4931.84,two-year,mailed-check,none,0,0
C00647,1,105.36,97.02,month-to-month,credit-card,none,0,1
C00648,34,25.08,793.74,one-year,electronic-check,dsl,0,0
C00649,56,46.02,2664.22,one-year,credit-card,fiber-optic,1,1
C00650,26,82.43,2208.06,month-to-month,electronic-check,fiber-optic,0,1
C00651,15,77.92,1272.8,one-year,credit-card,dsl,0,1
C00652,17,,562.77,month-to-month,electronic-check,fiber-optic,0,1
C00653,49,105.9,5576.97,month-to-month,credit-card,dsl,1,1
C00654,41,116.3,4950.26,month-to-month,bank-transfer,fiber-optic,0,1
C00655,36,,2840.54,two-year,bank-transfer,none,0,0
C00656,37,24.73,856.04,two-year,bank-transfer,fiber-optic,0,0
C00657,22,74.79,1793.31,month-to-month,mailed-check,none,0,0
C00658,67,80.21,5868.11,two-year,credit-card,fiber-optic,0,0
C00659,16,61.84,990.39,two-year,electronic-check,none,0,1
C00660,60,110.42,6689.19,month-to-month,bank-transfer,dsl,1,1
C00661,55,66.52,3296.76,two-year,electronic-check,none,0,0
C00662,0,133.14,0.0,month-to-month,electronic-check,dsl,0,1
C00663,12,93.49,1132.24,two-year,bank-transfer,none,0,0
C00664,39,78.28,2858.72,one-year,bank-transfer,dsl,0,1
C00665,11,97.61,1069.17,two-year,electronic-check,dsl,0,0
C00666,61,115.93,7488.62,month-to-month,bank-transfer,dsl,0,1
C00667,31,96.97,3186.95,month-to-month,credit-card,fiber-optic,0,0
C00668,60,67.72,4357.42,two-year,bank-transfer,none,0,0
C00669,8,50.2,380.39,one-year,electronic-check,fiber-optic,0,0
C00670,1,36.34,35.84,one-year,electronic-check,fiber-optic,0,0
C00671,46,15.0,707.5,one-year,electronic-check,dsl,0,0
C00672,57,75.23,4357.48,one-year,bank-transfer,none,0,1
C00673,71,58.37,4557.92,month-to-month,electronic-check,fiber-optic,0,1
C00674,56,59.98,3208.38,month-to-month,mailed-check,none,0,0
C00675,53,100.87,4887.57,month-to-month,electronic-check,fiber-optic,0,1
C00676,4,66.64,260.57,month-to-month,mailed-check,fiber-optic,1,1
C00677,43,,5474.34,two-year,electronic-check,dsl,0,0
C00678,51,52.81,2632.42,month-to-month,mailed-check,fiber-optic,0,1
C00679,28,40.87,1103.06,month-to-month,bank-transfer,none,0,1
C00680,71,32.27,2180.0,month-to-month,credit-card,fiber-optic,0,1
C00681,71,91.68,6415.05,two-year,mailed-check,none,0,0
C00682,61,104.54,6618.54,month-to-month,mailed-check,none,0,0
C00683,63,52.17,3055.79,month-to-month,credit-card,dsl,1,1
C00684,40,38.08,1634.58,two-year,credit-card,fiber-optic,0,1
C00685,59,115.91,7031.6,month-to-month,mailed-check,fiber-optic,0,1
C00686,5,26.49,122.04,one-year,mailed-check,dsl,0,0
C00687,16,100.31,1451.96,month-to-month,bank-transfer,fiber-optic,0,1
C00688,47,52.87,2261.95,one-year,credit-card,dsl,0,0
C00689,8,81.91,601.62,month-to-month,bank-transfer,fiber-optic,1,1
C00690,58,102.31,6104.19,month-to-month,bank-transfer,fiber-optic,0,1
C00691,12,84.29,1100.63,month-to-month,electronic-check,none,0,1
C00692,25,61.14,1416.45,one-year,mailed-check,fiber-optic,0,1
C00693,18,111.88,1927.03,two-year,electronic-check,fiber-optic,0,0
C00694,38,78.67,3208.32,month-to-month,mailed-check,dsl,1,0
C00695,5,,750.85,one-year,credit-card,none,0,1
C00696,58,18.85,1077.1,month-to-month,electronic-check,fiber-optic,1,1
C00697,63,18.4,1153.13,one-year,bank-transfer,fiber-optic,0,0
C00698,53,,4868.79,two-year,mailed-check,none,0,0
C00699,13,,847.28,month-to-month,electronic-check,fiber-optic,0,1
C00700,20,93.78,2048.87,month-to-month,electronic-check,dsl,1,0
C00701,16,37.05,609.78,one-year,bank-transfer,dsl,0,0
C00702,43,71.62,2948.19,two-year,credit-card,fiber-optic,0,1
C00703,63,83.72,5745.83,one-year,mailed-check,dsl,0,0
C00704,63,,3313.04,month-to-month,credit-card,dsl,0,1
C00705,68,76.95,4857.07,one-year,electronic-check,dsl,0,0
C00706,49,29.15,1561.5,month-to-month,bank-transfer,fiber-optic,1,0
C00707,15,81.84,1268.41,two-year,electronic-check,fiber-optic,0,0
C00708,28,113.36,3334.67,two-year,credit-card,fiber-optic,0,1
C00709,21,32.87,624.4,two-year,credit-card,fiber-optic,0,1
C00710,4,31.06,118.86,two-year,electronic-check,fiber-optic,0,1
C00711,57,105.7,6561.48,two-year,mailed-check,fiber-optic,0,1
C00712,41,,1165.53,month-to-month,bank-transfer,none,0,1
C00713,69,95.22,7060.8,two-year,bank-transfer,fiber-optic,0,1
C00714,60,71.66,4532.21,month-to-month,mailed-check,none,1,0
C00715,46,57.47,2579.18,month-to-month,electronic-check,fiber-optic,0,1
C00716,3,114.0,368.44,month-to-month,bank-transfer,fiber-optic,0,0
C00717,31,,3289.61,month-to-month,electronic-check,fiber-optic,0,1
C00718,34,78.39,2860.87,month-to-month,mailed-check,dsl,1,0
C00719,48,15.0,706.68,month-to-month,electronic-check,none,1,0
C00720,40,91.37,3718.4,month-to-month,bank-transfer,fiber-optic,0,0
C00721,56,37.87,2038.72,month-to-month,mailed-check,dsl,0,1
C00722,1,63.36,58.67,month-to-month,mailed-check,fiber-optic,0,1
C00723,8,70.22,606.94,one-year,credit-card,fiber-optic,0,1
C00724,68,126.92,9460.96,one-year,mailed-check,dsl,0,0
C00725,31,62.4,1763.7,one-year,credit-card,dsl,0,1
C00726,59,27.32,1672.21,one-year,credit-card,none,1,0
C00727,61,114.09,7584.75,one-year,electronic-check,fiber-optic,0,1
C00728,8,91.77,750.02,month-to-month,bank-transfer,dsl,0,0
C00729,50,,4223.76,month-to-month,electronic-check,dsl,0,0
C00730,12,114.65,1242.35,month-to-month,bank-transfer,fiber-optic,0,1
C00731,11,121.7,1339.76,month-to-month,electronic-check,fiber-optic,0,1
C00732,17,43.25,799.91,two-year,mailed-check,fiber-optic,0,1
C00733,54,28.27,1459.08,month-to-month,credit-card,none,0,1
C00734,6,95.27,554.53,two-year,electronic-check,dsl,0,0
C00735,48,,3158.58,month-to-month,bank-transfer,dsl,0,0
C00736,27,64.85,1856.49,one-year,credit-card,dsl,0,1
C00737,19,36.35,751.93,month-to-month,credit-card,fiber-optic,0,1
C00738,17,87.52,1588.56,two-year,electronic-check,dsl,0,0
C00739,24,82.06,2006.53,two-year,mailed-check,fiber-optic,0,0
C00740,25,65.34,1776.71,month-to-month,bank-transfer,none,0,0
C00741,22,28.35,637.97,month-to-month,bank-transfer,dsl,0,0
C00742,37,106.27,4012.04,one-year,electronic-check,none,0,1
C00743,71,77.67,4980.28,month-to-month,bank-transfer,none,0,0
C00744,32,103.54,3283.61,month-to-month,electronic-check,fiber-optic,0,1
C00745,13,15.0,177.18,two-year,bank-transfer,none,0,0
C00746,44,71.7,3406.63,one-year,bank-transfer,fiber-optic,1,0
C00747,59,48.49,2580.97,month-to-month,mailed-check,fiber-optic,0,1
C00748,43,71.08,2938.65,month-to-month,electronic-check,fiber-optic,0,0
C00749,38,98.3,4105.1,month-to-month,electronic-check,dsl,1,0
C00750,48,81.1,4122.45,two-year,bank-transfer,fiber-optic,0,0
C00751,63,70.54,4673.28,month-to-month,mailed-check,none,0,1
C00752,5,70.38,366.9,month-to-month,credit-card,fiber-optic,0,1
C00753,70,23.21,1478.69,month-to-month,credit-card,fiber-optic,0,1
C00754,64,42.8,2623.35,two-year,mailed-check,fiber-optic,0,1
C00755,69,103.64,7577.92,month-to-month,mailed-check,none,0,1
C00756,35,54.83,2071.01,one-year,credit-card,dsl,0,1
C00757,61,104.21, ,month-to-month,bank-transfer,dsl,0,0
C00758,5,94.79,451.15,two-year,electronic-check,dsl,0,1
C00759,29,96.38,2647.28,month-to-month,credit-card,none,0,1
C00760,63,79.99,5087.65,two-year,electronic-check,fiber-optic,0,0
C00761,19,56.92,1036.37,two-year,bank-transfer,dsl,0,0
C00762,54,,3196.71,month-to-month,electronic-check,fiber-optic,0,1
C00763,23,89.21,2007.03,month-to-month,mailed-check,fiber-optic,1,1
C00764,42,15.0,636.77,two-year,bank-transfer,dsl,1,1
C00765,47,107.31,5179.14,month-to-month,electronic-check,none,0,1
C00766,63,55.0,3355.95,two-year,mailed-check,fiber-optic,0,1
C00767,24,67.41,1557.66,two-year,credit-card,dsl,1,0
C00768,56,67.67,3625.73,month-to-month,credit-card,none,0,1
C00769,31,68.81,2185.57,month-to-month,credit-card,dsl,0,1
C00770,28,30.59,819.47,month-to-month,credit-card,dsl,0,0
C00771,5,74.55,403.84,one-year,credit-card,fiber-optic,0,0
C00772,5,87.83,419.98,month-to-month,electronic-check,dsl,0,1
C00773,55,15.0,873.0,one-year,electronic-check,fiber-optic,0,0
C00774,7,30.98,209.02,month-to-month,mailed-check,dsl,0,0
C00775,8,96.88,795.89,two-year,credit-card,dsl,1,0
C00776,13,91.29,1234.06,month-to-month,credit-card,none,0,1
C00777,24,78.96,1771.68,month-to-month,mailed-check,dsl,1,1
C00778,11,49.54,531.81,month-to-month,electronic-check,fiber-optic,1,1
C00779,42,91.47,3555.53,month-to-month,bank-transfer,dsl,0,0
C00780,59,33.91,2005.13,month-to-month,mailed-check,none,0,0
C00781,38,65.88,2708.43,two-year,electronic-check,dsl,0,0
C00782,47,30.81,1475.71,month-to-month,electronic-check,dsl,0,1
C00783,64,65.14,4337.1,month-to-month,electronic-check,none,1,0
C00784,64,39.09,2393.1,one-year,mailed-check,dsl,0,0
C00785,47,92.67,4328.01,one-year,bank-transfer,none,0,0
C00786,4,83.0,347.97,month-to-month,electronic-check,fiber-optic,0,0
C00787,56,52.88,2743.06,month-to-month,mailed-check,none,0,1
C00788,54,102.71,5126.66,month-to-month,credit-card,dsl,0,1
C00789,21,41.31,819.71,month-to-month,credit-card,none,0,0
C00790,11,68.94,718.44,month-to-month,credit-card,dsl,0,1
C00791,9,51.56,506.91,month-to-month,mailed-check,dsl,0,0
C00792,19,92.27,1633.45,one-year,electronic-check,fiber-optic,0,0
C00793,53,,4359.31,two-year,credit-card,dsl,0,0
C00794,68,109.06,6878.6,month-to-month,mailed-check,fiber-optic,0,1
C00795,11,72.49,750.01,month-to-month,mailed-check,fiber-optic,0,0
C00796,29,15.0,423.58,two-year,mailed-check,dsl,0,1
C00797,60,57.07,3217.02,one-year,electronic-check,dsl,0,0
C00798,6,116.96,643.89,one-year,bank-transfer,fiber-optic,0,0
C00799,67,60.25,3743.38,two-year,electronic-check,fiber-optic,0,0
C00800,1,15.0,15.87,one-year,electronic-check,fiber-optic,1,0
C00801,20,83.48,1676.3,one-year,credit-card,fiber-optic,1,1
C00802,2,85.72,179.87,month-to-month,bank-transfer,fiber-optic,0,1
C00803,54,48.18,2433.7,two-year,credit-card,fiber-optic,0,0
C00804,30,62.6,1804.75,one-year,bank-transfer,dsl,0,0
C00805,31,44.58,1515.33,month-to-month,electronic-check,dsl,0,0
C00806,39,85.68,3064.52,one-year,mailed-check,dsl,0,0
C00807,21,71.7,1487.19,month-to-month,mailed-check,fiber-optic,0,1
C00808,54,35.03,1814.19,month-to-month,mailed-check,dsl,0,1
C00809,31,69.71,1948.18,month-to-month,mailed-check,fiber-optic,0,1
C00810,57,48.01,2765.24,one-year,mailed-check,dsl,0,1
C00811,46,113.83,5288.63,month-to-month,bank-transfer,dsl,0,0
C00812,48,96.81,4480.06,one-year,credit-card,dsl,0,0
C00813,71,66.33,4683.42,one-year,bank-transfer,fiber-optic,0,1
C00814,36,72.43,2551.2,month-to-month,credit-card,fiber-optic,0,1
C00815,21,100.41,2093.58,month-to-month,credit-card,fiber-optic,0,1
C00816,52,64.79,3603.69,month-to-month,bank-transfer,none,1,0
C00817,50,92.75,4836.05,one-year,mailed-check,fiber-optic,0,1
C00818,34,114.32,3716.1,two-year,bank-transfer,dsl,0,1
C00819,24,55.27,1257.46,month-to-month,electronic-check,none,0,1
C00820,66,119.38,8234.28,one-year,credit-card,fiber-optic,0,0
C00821,18,110.65,1882.02,two-year,electronic-check,dsl,1,0
C00822,5,,418.85,one-year,electronic-check,dsl,0,0
C00823,45,56.68,2720.5,month-to-month,credit-card,fiber-optic,1,1
C00824,5,77.08,366.34,month-to-month,electronic-check,dsl,0,1
C00825,54,62.66,3587.96,two-year,bank-transfer,fiber-optic,0,0
C00826,60,46.22,2601.83,month-to-month,bank-transfer,dsl,0,0
C00827,51,85.97,3967.74,month-to-month,electronic-check,none,0,1
C00828,17,39.29,729.61,month-to-month,mailed-check,fiber-optic,0,0
C00829,67,59.84,4219.08,month-to-month,credit-card,fiber-optic,0,1
C00830,6,60.24,360.63,one-year,bank-transfer,dsl,0,0
C00831,7,29.04,217.25,two-year,bank-transfer,fiber-optic,0,0
C00832,21,89.75,1724.94,two-year,bank-transfer,none,0,1
C00833,38,63.15,2514.73,one-year,mailed-check,dsl,0,1
C00834,51,108.97,6064.41,two-year,bank-transfer,fiber-optic,1,0
C00835,20,62.66,1333.06,two-year,electronic-check,dsl,0,0
C00836,65,57.8,3705.8,two-year,electronic-check,fiber-optic,0,0
C00837,58,42.86,2409.51,two-year,credit-card,none,0,0
C00838,16,71.17,1228.11,two-year,electronic-check,fiber-optic,0,1
C00839,4,71.34,273.46,month-to-month,bank-transfer,fiber-optic,0,1
C00840,50,92.25,5016.21,month-to-month,electronic-check,dsl,0,0
C00841,12,72.01,832.99,month-to-month,mailed-check,none,0,1
C00842,20,132.82,2457.13,one-year,credit-card,fiber-optic,0,0
C00843,55,83.69,4359.63,two-year,mailed-check,dsl,0,1
C00844,13,40.39,527.18,two-year,credit-card,none,0,0
C00845,25,37.86,876.57,two-year,mailed-check,dsl,0,0
C00846,66,86.04,5542.56,two-year,bank-transfer,dsl,0,0
C00847,49,39.45,2089.97,month-to-month,bank-transfer,none,0,0
C00848,44,87.85,3551.25,month-to-month,bank-transfer,dsl,0,1
C00849,71,96.87,7035.27,one-year,mailed-check,dsl,0,0
C00850,55,97.59,5264.26,month-to-month,credit-card,dsl,0,0
C00851,33,43.92,1492.25,one-year,mailed-check,none,0,0
C00852,47,,4579.74,one-year,credit-card,dsl,0,1
C00853,38,79.68,3255.87,month-to-month,mailed-check,fiber-optic,0,0
C00854,26,51.76,1319.62,one-year,credit-card,dsl,0,0
C00855,70,65.22,4572.95,one-year,credit-card,dsl,0,1
C00856,42,84.14,3272.41,one-year,credit-card,dsl,0,0
C00857,53,49.81,2635.05,two-year,mailed-check,none,0,0
C00858,29,79.06,2115.96,month-to-month,mailed-check,fiber-optic,0,1
C00859,14,113.37,1613.54,two-year,mailed-check,none,1,0
C00860,8,98.92,779.88,month-to-month,mailed-check,fiber-optic,0,1
C00861,57,72.46,4364.27,month-to-month,mailed-check,dsl,0,0
C00862,37,,2803.43,month-to-month,mailed-check,dsl,0,0
C00863,37,53.86,2044.8,two-year,bank-transfer,fiber-optic,1,0
C00864,8,54.7,399.03,two-year,credit-card,fiber-optic,0,1
C00865,56,23.88,1393.69,month-to-month,credit-card,fiber-optic,0,1
C00866,18,77.53,1523.28,one-year,bank-transfer,dsl,0,0
C00867,43,90.47,3849.79,two-year,credit-card,fiber-optic,0,1
C00868,25,,1530.52,two-year,credit-card,dsl,0,1
C00869,16,43.68,713.37,month-to-month,mailed-check,fiber-optic,0,1
C00870,11,71.98,735.63,month-to-month,mailed-check,none,0,0
C00871,58,110.25,6353.7,month-to-month,mailed-check,dsl,0,1
C00872,6,96.94,527.25,two-year,electronic-check,dsl,0,0
C00873,0,69.12,0.0,month-to-month,mailed-check,dsl,0,1
C00874,22,131.42,3107.85,month-to-month,mailed-check,fiber-optic,0,1
C00875,63,150.0,8760.88,two-year,credit-card,fiber-optic,0,0
C00876,50,55.6,2778.86,month-to-month,mailed-check,none,0,0
C00877,58,62.62,3453.37,one-year,bank-transfer,none,1,0
C00878,14,90.8,1210.44,two-year,mailed-check,fiber-optic,0,0
C00879,69,42.61,3024.41,month-to-month,mailed-check,fiber-optic,0,1
C00880,8,95.47,801.72,month-to-month,electronic-check,dsl,0,0
C00881,2,73.04,156.99,month-to-month,bank-transfer,none,0,0
C00882,34,81.15,2636.7,one-year,electronic-check,fiber-optic,0,0
C00883,31,52.74,1494.5,month-to-month,electronic-check,dsl,0,0
C00884,20,46.37,916.67,month-to-month,bank-transfer,none,1,0
C00885,12,,183.05,month-to-month,bank-transfer,fiber-optic,0,1
C00886,23,114.54,2760.73,month-to-month,mailed-check,dsl,0,1
C00887,26,98.24,2685.15,two-year,mailed-check,fiber-optic,1,0
C00888,43,90.2,4160.7,month-to-month,credit-card,dsl,0,0
C00889,25,,1822.66,one-year,mailed-check,dsl,0,0
C00890,17,15.0,279.53,two-year,mailed-check,dsl,0,0
C00891,43,47.47,2231.64,one-year,electronic-check,fiber-optic,0,0
C00892,41,62.32,2317.68,one-year,mailed-check,dsl,0,0
C00893,31,37.56,1120.87,month-to-month,electronic-check,dsl,0,0
C00894,7,19.19,141.5,month-to-month,mailed-check,fiber-optic,0,1
C00895,69,40.68,2794.8,month-to-month,electronic-check,dsl,0,1
C00896,37,71.47,2382.55,month-to-month,electronic-check,fiber-optic,0,1
C00897,19,71.48,1318.69,two-year,bank-transfer,fiber-optic,0,0
C00898,52,97.23,5135.55,month-to-month,mailed-check,dsl,1,0
C00899,30,131.9,4257.25,month-to-month,bank-transfer,dsl,0,0
C00900,11,,1061.91,two-year,bank-transfer,dsl,0,0
C00901,50,64.73,3525.59,two-year,bank-transfer,fiber-optic,0,0
C00902,6,124.01,739.29,one-year,mailed-check,none,0,0
C00903,19,22.54,453.85,month-to-month,mailed-check,dsl,0,0
C00904,47,,648.7,one-year,mailed-check,dsl,0,0
C00905,52,43.4,2265.04,month-to-month,credit-card,dsl,0,1
C00906,71,94.37,7258.17,one-year,mailed-check,fiber-optic,0,0
C00907,51,75.06,4087.31,one-year,credit-card,dsl,0,0
C00908,16,36.15,596.41,two-year,credit-card,fiber-optic,0,0
C00909,51,48.19,2285.13,month-to-month,bank-transfer,fiber-optic,0,1
C00910,54,32.76,1656.33,two-year,credit-card,dsl,1,0
C00911,48,32.75,1628.4,month-to-month,bank-transfer,fiber-optic,1,1
C00912,53,116.53,5960.72,month-to-month,credit-card,none,0,0
C00913,58,65.7,3680.45,two-year,credit-card,dsl,0,0
C00914,40,123.09,5265.8,month-to-month,bank-transfer,fiber-optic,0,1
C00915,71,43.3,2779.43,month-to-month,bank-transfer,fiber-optic,0,1
C00916,46,84.73,3813.96,month-to-month,credit-card,dsl,1,0
C00917,3,,218.37,month-to-month,electronic-check,fiber-optic,1,1
C00918,12,96.39,1047.29,month-to-month,credit-card,dsl,0,0
C00919,35,77.64,2563.25,one-year,bank-transfer,dsl,0,0
C00920,31,99.55,2891.24,month-to-month,electronic-check,fiber-optic,0,1
C00921,58,86.63,5028.8,two-year,electronic-check,none,1,1
C00922,48,37.26,1765.39,one-year,credit-card,dsl,1,0
C00923,0,91.98,0.0,two-year,credit-card,fiber-optic,0,0
C00924,32,,2302.85,two-year,bank-transfer,dsl,0,0
C00925,39,46.7,1819.21,one-year,bank-transfer,fiber-optic,0,0
C00926,70,90.82,6534.09,month-to-month,credit-card,fiber-optic,0,1
C00927,47,97.65,4724.77,two-year,credit-card,fiber-optic,0,0
C00928,12,55.49,668.16,month-to-month,credit-card,none,1,1
C00929,13,59.48,743.09,month-to-month,electronic-check,fiber-optic,0,1
C00930,22,28.39,674.86,one-year,credit-card,dsl,0,1
C00931,28,15.86,438.54,month-to-month,bank-transfer,none,0,0
C00932,7,,445.36,one-year,credit-card,dsl,0,0
C00933,56,93.76,5312.76,two-year,bank-transfer,fiber-optic,0,1
C00934,4,52.8,225.05,one-year,bank-transfer,fiber-optic,0,1
C00935,4,112.83,454.46,month-to-month,credit-card,none,0,0
C00936,9,63.85,569.68,month-to-month,electronic-check,fiber-optic,0,1
C00937,9,63.97,571.13,month-to-month,credit-card,fiber-optic,1,1
C00938,40,61.33,2590.44,month-to-month,mailed-check,fiber-optic,0,1
C00939,58,99.45,5571.83,one-year,electronic-check,fiber-optic,1,0
C00940,67,41.23,3002.85,one-year,bank-transfer,none,0,0
C00941,58,66.13,4101.5,one-year,credit-card,dsl,0,0
C00942,49,53.58,2435.47,one-year,electronic-check,dsl,0,1
C00943,42,53.15,2150.82,month-to-month,credit-card,fiber-optic,0,1
C00944,22,71.05,1690.02,month-to-month,mailed-check,dsl,0,1
C00945,29,66.6,1845.8,one-year,credit-card,none,1,0
C00946,62,101.55,6066.5,month-to-month,electronic-check,dsl,0,1
C00947,7,69.68,460.18,month-to-month,bank-transfer,fiber-optic,0,1
C00948,59,86.65,4656.74,one-year,bank-transfer,fiber-optic,0,0
C00949,58,75.18,4341.81,month-to-month,credit-card,none,0,0
C00950,4,112.11,471.31,month-to-month,mailed-check,fiber-optic,1,1
C00951,17,60.93,1068.93,month-to-month,electronic-check,dsl,0,0
C00952,22,61.01,1215.47,month-to-month,electronic-check,dsl,0,0
C00953,65,92.35, ,one-year,mailed-check,fiber-optic,0,0
C00954,31,60.52,1812.44,month-to-month,credit-card,none,0,1
C00955,55,84.95,4804.84,two-year,electronic-check,fiber-optic,0,0
C00956,43,140.14,5911.61,month-to-month,credit-card,fiber-optic,0,1
C00957,5,40.63,222.68,month-to-month,bank-transfer,fiber-optic,0,1
C00958,48,115.95,5931.21,month-to-month,bank-transfer,fiber-optic,0,1
C00959,45,55.23,2585.13,two-year,credit-card,fiber-optic,0,0
C00960,62,110.13,6849.48,month-to-month,credit-card,dsl,1,1
C00961,66,90.58,6087.31,one-year,bank-transfer,dsl,0,0
C00962,42,88.01,3653.63,two-year,credit-card,fiber-optic,0,1
C00963,63,65.47,4367.75,month-to-month,mailed-check,fiber-optic,0,1
C00964,10,62.48,675.87,month-to-month,credit-card,dsl,0,1
C00965,44,48.34,2339.26,one-year,credit-card,none,0,0
C00966,41,70.19,2934.6,two-year,credit-card,dsl,0,0
C00967,12,64.48,801.94,month-to-month,bank-transfer,fiber-optic,1,0
C00968,38,75.73,2820.13,two-year,bank-transfer,fiber-optic,0,0
C00969,48,27.68,1198.04,one-year,mailed-check,none,0,1
C00970,29,70.68,2133.02,two-year,credit-card,none,0,1
C00971,47,107.88,5510.48,month-to-month,bank-transfer,fiber-optic,0,1
C00972,53,98.32,5585.84,month-to-month,electronic-check,fiber-optic,0,1
C00973,42,70.69,3193.81,month-to-month,bank-transfer,fiber-optic,0,0
C00974,28,146.87,4031.93,two-year,electronic-check,none,0,0
C00975,19,52.68,1043.66,month-to-month,bank-transfer,fiber-optic,0,1
C00976,47,67.4,3255.5,one-year,bank-transfer,fiber-optic,0,0
C00977,64,26.48,1708.89,month-to-month,credit-card,dsl,0,0
C00978,33,57.89,1777.29,month-to-month,electronic-check,fiber-optic,0,1
C00979,36,123.63,4518.0,month-to-month,mailed-check,dsl,0,1
C00980,65,59.04,3682.74,one-year,mailed-check,fiber-optic,0,1
C00981,21,24.17,528.13,month-to-month,mailed-check,fiber-optic,0,1
C00982,58,96.16,6073.49,two-year,credit-card,dsl,0,1
C00983,18,81.68,1537.11,one-year,bank-transfer,fiber-optic,0,0
C00984,18,94.92,1626.38,two-year,mailed-check,fiber-optic,0,0
C00985,20,61.09,1213.28,one-year,credit-card,none,0,0
C00986,3,39.79,120.91,one-year,bank-transfer,dsl,0,1
C00987,33,64.49,2224.47,one-year,mailed-check,dsl,0,1
C00988,25,86.65,2013.57,month-to-month,bank-transfer,fiber-optic,0,1
C00989,16,67.83,1090.84,month-to-month,credit-card,fiber-optic,0,1
C00990,54,81.64,4726.02,two-year,mailed-check,dsl,1,0
C00991,37,53.9,1805.72,month-to-month,bank-transfer,fiber-optic,0,1
C00992,14,82.75,1211.27,month-to-month,electronic-check,none,0,1
C00993,13,69.91,977.97,one-year,electronic-check,dsl,1,0
C00994,58,48.82,2999.29,two-year,electronic-check,fiber-optic,0,1
C00995,19,74.2,1531.53,month-to-month,mailed-check,dsl,0,0
C00996,28,58.4,1727.64,two-year,bank-transfer,none,0,1
C00997,8,88.51,710.67,month-to-month,electronic-check,none,0,1
C00998,57,96.19,5457.8,month-to-month,credit-card,fiber-optic,1,1
C00999,25,85.05,1927.08,two-year,electronic-check,none,1,0
C01000,50,20.95,946.66,month-to-month,bank-transfer,dsl,0,0
C01001,29,41.06,1223.86,one-year,electronic-check,fiber-optic,0,0
C01002,57,50.9,2771.12,two-year,electronic-check,fiber-optic,0,0
C01003,29,46.11,1285.62,month-to-month,bank-transfer,none,0,0
C01004,64,53.71,3648.86,month-to-month,bank-transfer,fiber-optic,0,1
C01005,52,97.76,4688.18,two-year,bank-transfer,dsl,0,0
C01006,34,90.96,2958.92,one-year,credit-card,dsl,1,0
C01007,34,57.28,2019.75,two-year,bank-transfer,dsl,1,0
C01008,44,87.75,3498.66,two-year,credit-card,none,0,0
C01009,49,79.87,3928.89,one-year,mailed-check,fiber-optic,0,0
C01010,50,69.01,3164.62,month-to-month,mailed-check,fiber-optic,1,1
C01011,2,104.45,219.83,month-to-month,mailed-check,dsl,0,0
C01012,19,50.16,978.71,month-to-month,mailed-check,fiber-optic,0,1
C01013,31,71.58,2267.24,month-to-month,credit-card,fiber-optic,0,1
C01014,38,38.47,1380.52,two-year,bank-transfer,fiber-optic,0,0
C01015,6,,250.23,two-year,credit-card,fiber-optic,0,0
C01016,14,29.18,392.28,two-year,mailed-check,dsl,0,1
C01017,33,40.42,1352.89,two-year,credit-card,dsl,1,0
C01018,32,72.49,2130.5,month-to-month,electronic-check,none,0,1
C01019,44,60.93,2464.17,month-to-month,mailed-check,fiber-optic,0,1
C01020,5,61.9,290.58,month-to-month,electronic-check,fiber-optic,0,1
C01021,57,61.03,3280.86,one-year,credit-card,none,0,1
C01022,21,123.18,2393.56,two-year,mailed-check,fiber-optic,0,1
C01023,39,35.88,1292.65,two-year,credit-card,fiber-optic,0,0
C01024,68,32.68,2390.49,two-year,mailed-check,fiber-optic,1,0
C01025,27,44.64,1218.38,month-to-month,electronic-check,dsl,0,0
C01026,22,67.84,1529.02,month-to-month,mailed-check,dsl,1,1
C01027,19,85.44,1554.53,month-to-month,mailed-check,none,1,0
C01028,46,88.56,3711.49,one-year,bank-transfer,fiber-optic,0,1
C01029,68,98.34,7313.34,month-to-month,mailed-check,dsl,1,1
C01030,40,66.75,2431.95,two-year,bank-transfer,none,1,0
C01031,14,58.11,866.04,month-to-month,bank-transfer,dsl,0,0
C01032,68,119.0,8359.44,one-year,electronic-check,fiber-optic,0,1
C01033,3,15.0,44.17,two-year,bank-transfer,fiber-optic,0,1
C01034,29,71.88,2187.41,month-to-month,bank-transfer,dsl,0,1
C01035,9,82.9,785.61,one-year,mailed-check,dsl,0,0
C01036,2,,271.52,two-year,credit-card,fiber-optic,0,1
C01037,71,20.18,1445.87,two-year,electronic-check,fiber-optic,0,0
C01038,6,57.4,324.66,month-to-month,credit-card,none,0,1
C01039,65,29.27,1930.28,one-year,mailed-check,none,0,0
C01040,39,16.05,575.85,month-to-month,mailed-check,dsl,0,1
C01041,23,63.86,1432.52,month-to-month,bank-transfer,dsl,0,0
C01042,62,94.99,6019.56,month-to-month,bank-transfer,fiber-optic,0,1
C01043,0,106.18,0.0,one-year,bank-transfer,fiber-optic,0,1
C01044,49,54.04,2841.51,month-to-month,bank-transfer,dsl,0,1
C01045,55,90.0,5421.04,one-year,mailed-check,dsl,1,1
C01046,26,64.07,1524.49,month-to-month,credit-card,dsl,1,0
C01047,21,86.7,1713.55,month-to-month,bank-transfer,dsl,1,0
C01048,0,104.63,0.0,one-year,electronic-check,fiber-optic,0,1
C01049,1,64.17,58.24,month-to-month,credit-card,none,0,0
C01050,3,102.31,281.94,month-to-month,credit-card,dsl,0,1
C01051,32,33.61,1161.67,month-to-month,electronic-check,fiber-optic,0,1
C01052,38,89.7,3098.62,month-to-month,credit-card,fiber-optic,0,1
C01053,30,101.01,2877.27,month-to-month,bank-transfer,fiber-optic,0,1
C01054,50,97.91,4820.55,two-year,credit-card,dsl,0,0
C01055,26,34.45,809.78,one-year,mailed-check,dsl,0,0
C01056,56,63.83,3796.26,month-to-month,electronic-check,dsl,0,0
C01057,47,79.07,3961.33,month-to-month,electronic-check,fiber-optic,1,1
C01058,67,83.29,5462.98,two-year,electronic-check,fiber-optic,0,0
C01059,52,73.48,3592.88,month-to-month,credit-card,fiber-optic,0,1
C01060,9,112.88,1095.6,month-to-month,mailed-check,fiber-optic,0,1
C01061,40,31.13,1289.69,month-to-month,credit-card,dsl,0,1
C01062,47,62.79,2965.33,one-year,electronic-check,dsl,1,1
C01063,1,19.37,18.95,one-year,mailed-check,dsl,0,0
C01064,3,88.64,268.0,month-to-month,credit-card,dsl,0,1
C01065,1,86.64,82.3,month-to-month,mailed-check,dsl,0,1
C01066,12,150.0,1781.86,one-year,credit-card,none,0,0
C01067,63,100.79,6585.9,month-to-month,electronic-check,none,0,1
C01068,17,79.94,1334.9,month-to-month,credit-card,fiber-optic,0,0
C01069,13,77.65,1046.75,two-year,bank-transfer,fiber-optic,0,0
C01070,32,60.5,2028.49,month-to-month,credit-card,fiber-optic,0,1
C01071,28,73.91,2174.63,month-to-month,electronic-check,fiber-optic,0,0
C01072,71,,5635.31,one-year,credit-card,fiber-optic,0,1
C01073,7,15.0,98.37,one-year,mailed-check,dsl,0,1
C01074,60,75.91, ,month-to-month,electronic-check,none,0,1
C01075,16,73.03,1243.1,month-to-month,electronic-check,fiber-optic,0,1
C01076,22,122.62,2478.76,month-to-month,electronic-check,dsl,0,1
C01077,34,66.05,2423.54,month-to-month,bank-transfer,fiber-optic,1,1
C01078,70,47.03,3582.94,month-to-month,electronic-check,fiber-optic,0,1
C01079,16,78.06,1290.92,month-to-month,credit-card,none,1,1
C01080,24,72.23,1598.68,month-to-month,electronic-check,fiber-optic,0,1
C01081,47,,3201.32,month-to-month,electronic-check,fiber-optic,0,1
C01082,48,31.63,1474.55,month-to-month,credit-card,dsl,0,0
C01083,26,65.32,1631.61,one-year,credit-card,fiber-optic,0,0
C01084,9,52.62,429.74,one-year,bank-transfer,dsl,0,0
C01085,56,63.51,3716.23,two-year,credit-card,dsl,0,1
C01086,64,91.96,5964.23,one-year,bank-transfer,fiber-optic,1,1
C01087,43,49.76,2118.82,one-year,electronic-check,fiber-optic,1,0
C01088,62,63.36,3841.05,month-to-month,mailed-check,fiber-optic,0,1
C01089,18,86.24,1524.89,one-year,credit-card,fiber-optic,0,0
C01090,62,61.92,3802.9,month-to-month,bank-transfer,dsl,0,1
C01091,58,148.28,8561.26,two-year,bank-transfer,fiber-optic,0,0
C01092,64,77.47,4558.9,two-year,electronic-check,fiber-optic,0,0
C01093,67,32.74,2141.28,month-to-month,bank-transfer,fiber-optic,0,1
C01094,24,44.82,981.91,two-year,electronic-check,fiber-optic,0,1
C01095,8,41.8,352.87,one-year,bank-transfer,dsl,0,1
C01096,53,45.25,2408.88,one-year,electronic-check,dsl,1,1
C01097,48,86.11,4380.84,month-to-month,mailed-check,none,0,0
C01098,46,36.8,1669.08,month-to-month,bank-transfer,dsl,1,0
C01099,45,,2515.35,two-year,electronic-check,dsl,1,1
C01100,2,104.28,200.2,month-to-month,bank-transfer,dsl,0,1
C01101,48,,2472.52,month-to-month,mailed-check,fiber-optic,0,1
C01102,34,90.14,3028.08,month-to-month,bank-transfer,fiber-optic,0,0
C01103,2,19.51,41.28,month-to-month,bank-transfer,fiber-optic,0,1
C01104,61,58.88,3316.38,one-year,credit-card,none,1,0
C01105,2,43.42,85.11,one-year,credit-card,dsl,0,0
C01106,16,78.99,1160.7,two-year,electronic-check,dsl,0,0
C01107,21,38.96,800.33,one-year,mailed-check,none,0,0
C01108,56,132.09,7519.11,one-year,electronic-check,fiber-optic,0,0
C01109,5,20.82,95.12,two-year,mailed-check,none,0,0
C01110,27,104.07,2566.44,month-to-month,bank-transfer,fiber-optic,1,0
C01111,26,96.35,2620.54,one-year,electronic-check,dsl,0,0
C01112,29,79.3,2257.04,two-year,mailed-check,none,0,0
C01113,62,71.63,4309.24,one-year,credit-card,dsl,1,0
C01114,23,125.65,2997.61,one-year,electronic-check,fiber-optic,0,1
C01115,25,144.13,3303.98,month-to-month,electronic-check,dsl,1,1
C01116,29,63.78,1982.75,month-to-month,mailed-check,fiber-optic,0,1
C01117,28,74.73,2207.79,one-year,credit-card,fiber-optic,0,0
C01118,68,53.43,3552.92,one-year,bank-transfer,dsl,0,1
C01119,19,34.92,659.35,month-to-month,electronic-check,none,0,0
C01120,8,83.89,657.42,month-to-month,bank-transfer,dsl,0,1
C01121,30,77.49,2457.27,month-to-month,electronic-check,fiber-optic,0,1
C01122,6,21.69,117.9,month-to-month,credit-card,dsl,0,1
C01123,57,83.68,4933.26,month-to-month,electronic-check,fiber-optic,0,0
C01124,64,78.49,4825.24,month-to-month,bank-transfer,fiber-optic,0,1
C01125,59,51.96,3237.2,month-to-month,mailed-check,fiber-optic,0,1
C01126,57,50.0,3126.1,month-to-month,bank-transfer,fiber-optic,1,1
C01127,30,82.71,2371.71,two-year,mailed-check,fiber-optic,0,1
C01128,50,118.27,5849.28,month-to-month,bank-transfer,none,0,0
C01129,28,81.95,2316.49,one-year,credit-card,none,1,0
C01130,61,93.41,5756.46,month-to-month,credit-card,dsl,0,1
C01131,14,45.03,587.17,month-to-month,bank-transfer,fiber-optic,1,1
C01132,10,57.57,585.3,month-to-month,credit-card,dsl,0,1
C01133,70,88.24,6453.45,month-to-month,electronic-check,dsl,0,1
C01134,25,29.25,796.18,month-to-month,bank-transfer,fiber-optic,0,1
C01135,22,76.22,1752.33,month-to-month,bank-transfer,fiber-optic,0,1
C01136,48,,4154.63,month-to-month,mailed-check,fiber-optic,0,1
C01137,24,68.84,1564.11,one-year,mailed-check,fiber-optic,0,1
C01138,53,,3878.62,month-to-month,mailed-check,fiber-optic,0,1
C01139,30,71.73,2209.86,month-to-month,bank-transfer,none,0,0
C01140,56,51.34,2946.74,two-year,bank-transfer,dsl,0,0
C01141,5,34.66,185.05,month-to-month,credit-card,fiber-optic,0,1
C01142,52,67.29,3461.39,month-to-month,bank-transfer,dsl,0,0
C01143,23,109.14,2345.47,one-year,credit-card,dsl,0,0
C01144,30,,2855.57,one-year,credit-card,none,0,0
C01145,67,59.64,3977.02,one-year,bank-transfer,dsl,0,0
C01146,34,,1931.15,two-year,electronic-check,dsl,0,0
C01147,5,56.81,265.88,month-to-month,mailed-check,fiber-optic,0,1
C01148,33,56.81,1727.77,month-to-month,electronic-check,dsl,0,0
C01149,17,78.63,1313.32,two-year,mailed-check,fiber-optic,1,1
C01150,34,101.72,3346.24,one-year,credit-card,none,1,0
C01151,15,137.88,2260.73,two-year,mailed-check,fiber-optic,0,0
C01152,46,45.1,2222.71,one-year,credit-card,fiber-optic,0,0
C01153,16,89.54,1341.88,month-to-month,mailed-check,fiber-optic,0,1
C01154,33,86.27,2991.17,one-year,bank-transfer,none,0,0
C01155,68,60.11,4071.13,month-to-month,electronic-check,dsl,0,1
C01156,45,39.22,1915.29,month-to-month,bank-transfer,fiber-optic,0,0
C01157,51,78.26,4077.7,month-to-month,electronic-check,fiber-optic,0,1
C01158,55,133.6,6912.8,month-to-month,mailed-check,fiber-optic,1,1
C01159,66,78.07,4839.4,one-year,credit-card,dsl,0,0
C01160,63,46.38,3195.23,one-year,electronic-check,fiber-optic,0,0
C01161,61,65.28,4315.33,two-year,credit-card,fiber-optic,0,1
C01162,24,35.79,856.13,month-to-month,credit-card,fiber-optic,0,1
C01163,44,70.56,3144.13,month-to-month,electronic-check,dsl,0,0
C01164,58,90.5,5298.57,month-to-month,mailed-check,dsl,0,1
C01165,40,, ,month-to-month,credit-card,fiber-optic,0,1
C01166,9,15.0,134.31,month-to-month,mailed-check,fiber-optic,0,1
C01167,36,78.31,2606.27,month-to-month,credit-card,none,0,0
C01168,15,54.95,795.33,one-year,credit-card,fiber-optic,0,0
C01169,49,47.48,2358.28,month-to-month,electronic-check,dsl,0,1
C01170,61,47.22,2794.68,one-year,bank-transfer,fiber-optic,0,0
C01171,50,82.01,4357.51,month-to-month,credit-card,fiber-optic,1,1
C01172,39,57.76,2454.55,month-to-month,bank-transfer,fiber-optic,0,1
C01173,43,97.91,3993.02,two-year,credit-card,fiber-optic,1,1
C01174,38,98.57,4037.33,month-to-month,bank-transfer,dsl,0,1
C01175,32,61.88,2065.62,month-to-month,bank-transfer,dsl,0,0
C01176,16,54.37,885.11,two-year,electronic-check,dsl,0,1
C01177,48,73.83,3281.93,month-to-month,credit-card,dsl,0,0
C01178,25,65.64,1611.73,month-to-month,credit-card,fiber-optic,0,1
C01179,11,17.42,210.66,month-to-month,mailed-check,dsl,0,0
C01180,57,127.42,7478.62,one-year,electronic-check,none,0,0
C01181,39,,3631.16,one-year,bank-transfer,dsl,0,0
C01182,37,56.1,1882.76,one-year,credit-card,fiber-optic,0,0
C01183,37,15.0,535.12,two-year,bank-transfer,fiber-optic,0,0
C01184,5,64.59,322.17,month-to-month,credit-card,dsl,0,1
C01185,38,52.36,2046.08,month-to-month,bank-transfer,fiber-optic,0,1
C01186,39,68.18,2849.05,two-year,mailed-check,none,0,0
C01187,36,15.0,535.47,month-to-month,mailed-check,none,0,0
C01188,0,55.83,0.0,two-year,credit-card,dsl,0,0
C01189,54,57.66,2977.46,two-year,bank-transfer,fiber-optic,0,0
C01190,44,64.23,2621.47,two-year,bank-transfer,dsl,0,0
C01191,54,62.91,3156.5,month-to-month,credit-card,fiber-optic,0,1
C01192,36,71.57,2476.11,one-year,credit-card,dsl,0,0
C01193,23,115.64,2801.41,two-year,credit-card,none,0,0
C01194,59,54.55,3162.57,month-to-month,mailed-check,fiber-optic,0,1
C01195,25,42.67,1143.34,one-year,electronic-check,dsl,0,1
C01196,32,18.18,634.02,month-to-month,bank-transfer,none,0,0
C01197,1,54.67,50.02,month-to-month,mailed-check,fiber-optic,0,1
C01198,11,27.96,320.56,two-year,credit-card,dsl,0,0
C01199,8,98.8,724.86,two-year,electronic-check,fiber-optic,0,0
C01200,30,67.12,1841.04,month-to-month,credit-card,fiber-optic,0,1
C01201,18,98.18,1688.05,month-to-month,bank-transfer,fiber-optic,0,1
C01202,23,113.97,2412.46,one-year,electronic-check,dsl,0,1
C01203,55,44.05,2501.62,month-to-month,electronic-check,dsl,0,0
C01204,49,59.58,3045.57,one-year,electronic-check,dsl,0,0
C01205,57,109.95, ,one-year,credit-card,none,0,0
C01206,58,75.68,4455.39,month-to-month,bank-transfer,dsl,0,0
C01207,17,85.65,1537.87,one-year,bank-transfer,fiber-optic,0,0
C01208,44,100.99,4685.77,month-to-month,bank-transfer,none,0,1
C01209,62,96.9,6452.38,month-to-month,mailed-check,none,0,1
C01210,21,82.31,1795.32,two-year,electronic-check,fiber-optic,0,1
C01211,27,111.89,2933.97,month-to-month,bank-transfer,fiber-optic,0,1
C01212,38,67.95,2594.94,month-to-month,electronic-check,none,0,1
C01213,57,85.58,4869.03,one-year,electronic-check,fiber-optic,0,0
C01214,10,64.7,596.23,month-to-month,credit-card,fiber-optic,0,1
C01215,33,100.62,3527.37,month-to-month,electronic-check,dsl,0,1
C01216,17,48.98,901.36,two-year,credit-card,dsl,0,0
C01217,51,19.51,1091.65,month-to-month,electronic-check,fiber-optic,0,1
C01218,17,89.65,1447.19,month-to-month,mailed-check,dsl,1,0
C01219,25,,905.25,month-to-month,bank-transfer,dsl,1,0
C01220,24,36.42,806.14,one-year,electronic-check,dsl,0,0
C01221,5,107.95,572.59,month-to-month,credit-card,fiber-optic,0,1
C01222,48,98.99,4876.64,two-year,credit-card,fiber-optic,0,0
C01223,18,59.72,1130.12,month-to-month,electronic-check,dsl,0,0
C01224,35,15.0,567.55,one-year,electronic-check,fiber-optic,0,0
C01225,50,86.0,4064.46,two-year,credit-card,dsl,0,0
C01226,56,,4896.2,one-year,mailed-check,fiber-optic,0,0
C01227,66,85.5,5973.27,one-year,electronic-check,dsl,0,0
C01228,9,,720.7,month-to-month,credit-card,fiber-optic,1,1
C01229,45,64.56,2908.63,month-to-month,mailed-check,none,0,0
C01230,23,57.69,1311.77,month-to-month,mailed-check,dsl,1,1
C01231,55,36.82,2063.43,month-to-month,bank-transfer,none,0,0
C01232,27,49.08,1454.49,month-to-month,bank-transfer,none,0,0
C01233,1,79.64,73.33,one-year,credit-card,none,0,1
C01234,61,,4873.39,month-to-month,credit-card,none,0,1
C01235,54,93.69,5523.97,two-year,credit-card,fiber-optic,1,0
C01236,23,27.81,620.1,one-year,credit-card,dsl,0,0
C01237,60,20.22,1271.78,month-to-month,bank-transfer,dsl,0,1
C01238,29,58.61,1845.58,month-to-month,bank-transfer,dsl,0,0
C01239,29,39.4,1083.37,one-year,mailed-check,fiber-optic,1,1
C01240,21,75.58,1454.29,month-to-month,bank-transfer,none,0,1
C01241,35,,983.43,month-to-month,electronic-check,dsl,0,0
C01242,71,105.41,6844.76,month-to-month,mailed-check,fiber-optic,0,1
C01243,3,45.34,131.95,one-year,mailed-check,none,0,1
C01244,42,117.78,4576.96,month-to-month,bank-transfer,dsl,1,1
C01245,12,85.73,1009.21,month-to-month,credit-card,dsl,0,1
C01246,8,38.34,322.33,month-to-month,mailed-check,dsl,0,1
C01247,4,132.84,509.93,month-to-month,bank-transfer,dsl,0,0
C01248,19,77.96,1475.21,month-to-month,mailed-check,fiber-optic,0,1
C01249,52,74.98,3608.56,one-year,mailed-check,fiber-optic,0,1
C01250,53,68.04,3749.33,one-year,bank-transfer,fiber-optic,0,0
C01251,57,84.0,4613.22,month-to-month,electronic-check,dsl,0,1
C01252,10,85.76,795.06,two-year,credit-card,fiber-optic,0,1
C01253,7,44.05,336.4,one-year,electronic-check,dsl,0,0
C01254,70,63.59,4691.59,month-to-month,electronic-check,fiber-optic,0,1
C01255,66,73.47,4996.82,two-year,credit-card,dsl,0,0
C01256,50,87.48,4569.2,one-year,electronic-check,fiber-optic,0,0
C01257,60,87.99,5200.77,month-to-month,mailed-check,fiber-optic,0,0
C01258,57,74.94,4099.09,month-to-month,mailed-check,dsl,0,0
C01259,41,53.49,2193.1,two-year,credit-card,fiber-optic,0,1
C01260,34,51.95,1881.28,month-to-month,electronic-check,fiber-optic,1,0
C01261,70,34.26,2620.3,month-to-month,mailed-check,none,0,0
C01262,48,87.78,4302.06,two-year,mailed-check,none,0,0
C01263,63,51.52,3165.54,two-year,credit-card,dsl,0,0
C01264,14,64.25,938.72,one-year,bank-transfer,fiber-optic,0,0
C01265,16,77.13,1282.76,month-to-month,electronic-check,dsl,1,1
C01266,45,70.12,2995.95,month-to-month,credit-card,fiber-optic,0,0
C01267,68,69.83,4687.31,two-year,electronic-check,dsl,0,1
C01268,44,42.85,1747.44,one-year,bank-transfer,fiber-optic,0,1
C01269,31,78.07,2372.74,two-year,mailed-check,none,0,0
C01270,1,60.62,63.8,month-to-month,electronic-check,fiber-optic,0,0
C01271,11,67.41,713.89,two-year,electronic-check,none,0,0
C01272,16,104.74,1720.41,month-to-month,credit-card,dsl,0,0
C01273,14,85.16,1151.14,month-to-month,credit-card,none,0,0
C01274,50,52.88,2457.19,two-year,bank-transfer,fiber-optic,0,1
C01275,49,65.53,3366.12,month-to-month,credit-card,fiber-optic,0,0
C01276,27,117.98,3242.45,one-year,credit-card,dsl,1,0
C01277,71,60.78,4596.16,one-year,mailed-check,fiber-optic,0,1
C01278,28,71.2,2064.85,two-year,credit-card,fiber-optic,0,0
C01279,32,89.92,3060.13,month-to-month,bank-transfer,dsl,0,0
C01280,37,76.46,2633.64,month-to-month,electronic-check,none,0,1
C01281,41,,2466.7,one-year,bank-transfer,fiber-optic,0,1
C01282,13,47.7,603.62,two-year,electronic-check,none,0,0
C01283,21,69.7,1535.8,two-year,bank-transfer,dsl,0,0
C01284,49,89.74,4467.72,month-to-month,mailed-check,fiber-optic,0,1
C01285,60,109.63,5991.13,one-year,electronic-check,dsl,0,0
C01286,30,26.04,786.42,month-to-month,bank-transfer,dsl,1,0
C01287,8,122.88,1031.1,month-to-month,mailed-check,dsl,0,1
C01288,61,61.35,3564.67,month-to-month,mailed-check,dsl,0,1
C01289,41,97.74,4131.39,month-to-month,electronic-check,fiber-optic,0,0
C01290,31,47.87,1585.29,month-to-month,electronic-check,dsl,0,0
C01291,42,21.67,831.17,month-to-month,credit-card,dsl,1,1
C01292,59,30.61,1834.27,month-to-month,bank-transfer,fiber-optic,0,1
C01293,0,60.07,0.0,two-year,mailed-check,fiber-optic,0,1
C01294,25,85.72,1982.95,month-to-month,bank-transfer,fiber-optic,0,1
C01295,67,70.94,4533.36,two-year,bank-transfer,fiber-optic,0,0
C01296,21,62.49,1345.4,two-year,electronic-check,dsl,1,0
C01297,70,103.54,7371.33,month-to-month,credit-card,fiber-optic,0,1
C01298,20,70.06,1483.41,one-year,bank-transfer,fiber-optic,1,0
C01299,33,78.39,2653.76,month-to-month,mailed-check,dsl,0,0
C01300,5,150.0,761.38,month-to-month,mailed-check,dsl,0,1
C01301,52,,3592.53,one-year,electronic-check,none,0,0
C01302,17,49.12,764.68,one-year,mailed-check,dsl,0,0
C01303,61,84.43,5243.98,month-to-month,mailed-check,dsl,1,1
C01304,9,92.02,771.33,two-year,electronic-check,dsl,0,0
C01305,8,,694.93,one-year,bank-transfer,none,0,0
C01306,33,74.71,2257.51,month-to-month,mailed-check,fiber-optic,0,0
C01307,6,114.47,628.52,month-to-month,mailed-check,none,0,0
C01308,23,110.72,2692.84,two-year,bank-transfer,none,0,0
C01309,49,66.49,2997.99,two-year,electronic-check,fiber-optic,0,0
C01310,36,50.7,1790.38,one-year,electronic-check,dsl,0,1
C01311,40,82.88,3598.48,one-year,electronic-check,dsl,0,0
C01312,6,50.52,320.59,month-to-month,bank-transfer,none,0,1
C01313,48,96.55,4387.0,month-to-month,bank-transfer,none,0,0
C01314,6,82.72,471.62,two-year,electronic-check,none,0,0
C01315,41,150.0,6263.49,one-year,bank-transfer,none,0,0
C01316,56,114.2,6377.79,month-to-month,credit-card,fiber-optic,0,0
C01317,52,37.64,1807.15,one-year,electronic-check,fiber-optic,1,0
C01318,25,54.44,1268.0,month-to-month,electronic-check,fiber-optic,0,1
C01319,11,15.0,175.0,month-to-month,credit-card,fiber-optic,0,1
C01320,59,,857.53,one-year,mailed-check,dsl,1,1
C01321,15,73.41,1167.08,month-to-month,mailed-check,dsl,0,1
C01322,35,34.23,1123.68,month-to-month,bank-transfer,dsl,0,1
C01323,17,119.24,2067.31,month-to-month,electronic-check,dsl,0,0
C01324,2,104.74,209.69,month-to-month,mailed-check,dsl,1,1
C01325,29,61.86,1731.51,two-year,mailed-check,fiber-optic,0,0
C01326,39,60.15,2396.82,month-to-month,credit-card,fiber-optic,0,0
C01327,54,114.56,5721.76,month-to-month,bank-transfer,fiber-optic,0,1
C01328,52,121.44,6764.99,one-year,mailed-check,fiber-optic,0,1
C01329,59,42.02,2599.99,two-year,bank-transfer,fiber-optic,0,0
C01330,58,38.16,2119.23,one-year,mailed-check,fiber-optic,0,1
C01331,28,,1734.45,two-year,mailed-check,fiber-optic,0,0
C01332,24,82.94,2150.56,one-year,bank-transfer,dsl,0,1
C01333,43,54.59,2310.89,one-year,mailed-check,fiber-optic,0,1
C01334,34,83.57,2763.6,month-to-month,bank-transfer,fiber-optic,0,0
C01335,21,,2860.04,month-to-month,mailed-check,dsl,1,1
C01336,2,27.82,50.09,month-to-month,bank-transfer,none,0,1
C01337,34,56.63,1997.18,one-year,mailed-check,dsl,0,1
C01338,33,28.39,883.63,one-year,credit-card,fiber-optic,0,1
C01339,67,44.9,3125.34,one-year,mailed-check,none,0,0
C01340,58,61.16,3503.21,one-year,electronic-check,fiber-optic,0,1
C01341,19,,827.66,one-year,mailed-check,fiber-optic,1,1
C01342,7,85.6,644.05,month-to-month,electronic-check,fiber-optic,0,0
C01343,56,74.53,4212.45,month-to-month,mailed-check,dsl,0,1
C01344,35,78.97,2660.93,one-year,credit-card,fiber-optic,0,1
C01345,3,60.8,189.82,month-to-month,electronic-check,fiber-optic,0,1
C01346,54,63.56,3429.55,two-year,electronic-check,dsl,0,0
C01347,24,59.48,1294.73,month-to-month,mailed-check,dsl,0,1
C01348,12,62.54,773.04,month-to-month,mailed-check,none,0,0
C01349,47,82.57,4245.24,one-year,electronic-check,dsl,0,0
C01350,56,15.0,793.29,month-to-month,bank-transfer,none,0,1
C01351,55,78.64,4639.04,one-year,bank-transfer,dsl,0,0
C01352,19,43.94,855.03,month-to-month,bank-transfer,fiber-optic,0,0
C01353,42,59.83,2300.89,month-to-month,mailed-check,fiber-optic,0,0
C01354,33,23.15,799.23,one-year,credit-card,fiber-optic,0,0
C01355,62,59.24,3629.89,month-to-month,bank-transfer,fiber-optic,0,1
C01356,13,78.34,1078.2,one-year,credit-card,dsl,0,0
C01357,59,83.71,5073.13,month-to-month,electronic-check,fiber-optic,0,1
C01358,24,34.41,743.72,one-year,bank-transfer,fiber-optic,0,1
C01359,44,82.27,3349.13,month-to-month,mailed-check,fiber-optic,0,1
C01360,36,104.19,3640.26,month-to-month,electronic-check,fiber-optic,0,1
C01361,25,55.19,1374.73,one-year,electronic-check,fiber-optic,1,1
C01362,16,70.03,1217.27,one-year,electronic-check,dsl,0,0
C01363,26,15.0,415.11,two-year,electronic-check,dsl,1,1
C01364,43,43.09,1964.59,two-year,mailed-check,dsl,0,0
C01365,44,78.12,3464.29,one-year,credit-card,fiber-optic,0,1
C01366,44,98.66,3987.72,month-to-month,mailed-check,none,1,0
C01367,47,52.02,2565.22,one-year,electronic-check,dsl,0,0
C01368,3,150.0,412.79,month-to-month,bank-transfer,dsl,0,1
C01369,28,79.42,2041.97,two-year,electronic-check,none,0,0
C01370,22,31.8,665.32,one-year,credit-card,dsl,1,1
C01371,28,108.62,3298.26,month-to-month,mailed-check,fiber-optic,0,1
C01372,27,32.41,918.86,two-year,electronic-check,fiber-optic,0,0
C01373,12,79.85,877.1,one-year,mailed-check,fiber-optic,0,0
C01374,69,42.12,3149.98,month-to-month,credit-card,fiber-optic,0,0
C01375,0,29.28,0.0,one-year,credit-card,none,0,0
C01376,42,98.86,4238.38,month-to-month,mailed-check,fiber-optic,0,1
C01377,33,62.21,1899.66,one-year,credit-card,fiber-optic,0,1
C01378,50,121.77,5869.47,two-year,electronic-check,dsl,0,0
C01379,59,39.46,2235.44,month-to-month,mailed-check,dsl,0,1
C01380,46,23.21,1097.6,month-to-month,mailed-check,none,0,1
C01381,55,55.61,3112.3,month-to-month,electronic-check,none,0,0
C01382,19,150.0,2723.03,two-year,mailed-check,none,0,0
C01383,71,95.02,6491.37,month-to-month,mailed-check,dsl,0,1
C01384,6,86.62,521.62,one-year,bank-transfer,none,0,0
C01385,48,87.61,4495.69,one-year,mailed-check,dsl,0,0
C01386,10,55.45,513.09,two-year,electronic-check,fiber-optic,0,0
C01387,16,150.0,2508.35,month-to-month,mailed-check,fiber-optic,0,1
C01388,59,83.74,5430.62,month-to-month,credit-card,fiber-optic,0,1
C01389,48,80.93,4078.64,two-year,electronic-check,fiber-optic,0,0
C01390,45,99.55,4427.22,month-to-month,credit-card,fiber-optic,0,1
C01391,59,31.8,1963.3,month-to-month,electronic-check,none,1,0
C01392,20,43.62,935.32,month-to-month,electronic-check,dsl,0,0
C01393,46,62.63,3035.91,two-year,electronic-check,dsl,1,0
C01394,14,99.74,1260.28,two-year,mailed-check,fiber-optic,0,1
C01395,34,31.06,978.16,month-to-month,mailed-check,dsl,0,0
C01396,29,67.98,1816.51,month-to-month,credit-card,dsl,0,1
C01397,44,63.73,2541.74,one-year,bank-transfer,dsl,0,1
C01398,4,22.77,94.98,month-to-month,bank-transfer,dsl,0,1
C01399,1,54.73,52.19,two-year,credit-card,fiber-optic,0,1
C01400,2,86.27,180.19,month-to-month,electronic-check,none,0,0
C01401,19,25.5,500.63,month-to-month,electronic-check,none,0,1
C01402,41,112.34,4627.69,month-to-month,credit-card,fiber-optic,0,1
C01403,11,84.04,843.05,month-to-month,credit-card,dsl,0,0
C01404,71,80.38,5484.77,month-to-month,electronic-check,fiber-optic,0,1
C01405,29,70.25,1844.46,one-year,electronic-check,fiber-optic,1,0
C01406,21,37.23,845.95,month-to-month,mailed-check,fiber-optic,1,1
C01407,64,50.51,3108.86,one-year,electronic-check,fiber-optic,1,0
C01408,12,80.86,891.67,month-to-month,bank-transfer,fiber-optic,1,1
C01409,13,50.45,590.6,month-to-month,bank-transfer,dsl,0,1
C01410,27,75.66,2088.45,month-to-month,mailed-check,none,0,0
C01411,5,43.03,220.37,one-year,electronic-check,fiber-optic,0,1
C01412,49,83.54,4498.81,month-to-month,mailed-check,fiber-optic,1,1
C01413,55,85.78,4518.56,two-year,credit-card,none,0,0
C01414,25,21.17,481.23,month-to-month,bank-transfer,dsl,0,1
C01415,62,72.02,4714.69,month-to-month,credit-card,dsl,0,0
C01416,0,24.35,0.0,month-to-month,bank-transfer,fiber-optic,1,1
C01417,38,15.0,550.7,one-year,electronic-check,fiber-optic,0,0
C01418,52,52.18,2934.81,month-to-month,electronic-check,dsl,1,1
C01419,27,150.0,4111.05,month-to-month,electronic-check,dsl,1,0
C01420,68,93.26,6215.4,month-to-month,bank-transfer,dsl,0,1
C01421,30,111.76,3655.03,month-to-month,electronic-check,dsl,0,0
C01422,66,88.25,5551.24,month-to-month,mailed-check,fiber-optic,0,1
C01423,47,76.16,3237.08,one-year,credit-card,dsl,0,0
C01424,16,96.86,1466.37,one-year,electronic-check,fiber-optic,0,0
C01425,59,50.81,2724.62,month-to-month,electronic-check,fiber-optic,0,1
C01426,2,84.12,165.13,month-to-month,mailed-check,fiber-optic,0,0
C01427,13,105.31,1459.72,month-to-month,credit-card,none,0,0
C01428,56,90.98,5579.24,two-year,credit-card,dsl,0,0
C01429,64,107.28, ,one-year,mailed-check,dsl,0,0
C01430,27,75.48,2211.58,month-to-month,mailed-check,dsl,0,1
C01431,47,120.76,5572.0,two-year,bank-transfer,dsl,0,0
C01432,50,63.75,3061.87,month-to-month,credit-card,fiber-optic,0,1
C01433,53,133.53,6587.71,month-to-month,electronic-check,dsl,1,0
C01434,65,87.21,5669.53,two-year,credit-card,fiber-optic,0,1
C01435,6,58.48,338.74,one-year,credit-card,none,0,0
C01436,13,34.63,414.81,month-to-month,mailed-check,dsl,1,1
C01437,66,45.76,3281.07,one-year,bank-transfer,dsl,0,0
C01438,39,41.22,1486.56,two-year,bank-transfer,fiber-optic,0,0
C01439,38,67.34,2681.55,month-to-month,electronic-check,fiber-optic,1,1
C01440,29,31.78,842.04,month-to-month,mailed-check,dsl,0,1
C01441,26,108.78,2843.69,month-to-month,electronic-check,fiber-optic,0,1
C01442,17,73.32,1290.05,two-year,electronic-check,dsl,0,0
C01443,28,72.1,1911.73,month-to-month,mailed-check,fiber-optic,1,1
C01444,5,35.04,160.32,month-to-month,bank-transfer,fiber-optic,0,1
C01445,21,46.93,1003.91,month-to-month,bank-transfer,dsl,0,1
C01446,71,15.0,1086.92,month-to-month,electronic-check,dsl,0,0
C01447,11,118.53,1254.85,one-year,credit-card,fiber-optic,0,1
C01448,52,27.47,1392.99,month-to-month,electronic-check,fiber-optic,0,0
C01449,2,29.74,54.08,two-year,mailed-check,none,1,0
C01450,52,112.4,5605.85,one-year,bank-transfer,fiber-optic,0,0
C01451,19,,1669.59,month-to-month,credit-card,fiber-optic,0,1
C01452,50,73.62,3439.11,two-year,credit-card,fiber-optic,0,1
C01453,35,80.21,2789.34,month-to-month,electronic-check,fiber-optic,0,1
C01454,55,98.62,5615.75,one-year,mailed-check,dsl,0,1
C01455,48,73.0,3716.07,one-year,credit-card,dsl,0,0
C01456,40,23.69,868.36,month-to-month,electronic-check,fiber-optic,0,1
C01457,52,,4871.64,month-to-month,credit-card,dsl,0,0
C01458,69,82.67,5849.47,month-to-month,bank-transfer,dsl,0,1
C01459,42,105.15,4148.87,month-to-month,bank-transfer,dsl,0,0
C01460,12,32.53,353.7,one-year,bank-transfer,none,0,0
C01461,8,48.12,411.47,month-to-month,credit-card,fiber-optic,1,1
C01462,39,81.76,3150.52,month-to-month,bank-transfer,none,1,1
C01463,31,41.66,1178.14,two-year,mailed-check,none,0,1
C01464,43,15.0,655.07,month-to-month,bank-transfer,fiber-optic,0,0
C01465,48,75.92,3554.45,two-year,bank-transfer,fiber-optic,0,0
C01466,13,,1153.34,one-year,bank-transfer,fiber-optic,0,1
C01467,53,,3355.76,one-year,electronic-check,fiber-optic,0,0
C01468,71,86.44,5924.96,month-to-month,credit-card,none,0,0
C01469,23,82.1,1916.61,two-year,mailed-check,none,0,1
C01470,66,70.31,4551.06,two-year,bank-transfer,fiber-optic,0,1
C01471,66,74.08,4504.91,one-year,bank-transfer,fiber-optic,0,1
C01472,30,110.47,3403.93,one-year,electronic-check,fiber-optic,0,0
C01473,57,41.07,2448.26,month-to-month,credit-card,fiber-optic,0,0
C01474,67,93.19,6252.94,month-to-month,electronic-check,dsl,0,0
C01475,61,34.57,1924.82,two-year,credit-card,dsl,0,1
C01476,27,46.16,1147.33,month-to-month,credit-card,dsl,0,1
C01477,47,105.88,5418.78,month-to-month,bank-transfer,fiber-optic,0,1
C01478,42,33.71,1327.66,month-to-month,credit-card,dsl,0,1
C01479,29,62.75,1749.75,one-year,credit-card,none,0,0
C01480,46,140.84,6721.63,one-year,credit-card,dsl,0,1
C01481,67,100.77,7145.41,one-year,credit-card,dsl,0,1
C01482,1,47.88,51.82,month-to-month,credit-card,fiber-optic,1,1
C01483,64,53.03,3322.48,month-to-month,credit-card,dsl,0,1
C01484,26,64.9,1853.44,month-to-month,credit-card,dsl,0,0
C01485,59,109.36,5940.99,two-year,electronic-check,dsl,0,0
C01486,7,39.95,297.92,month-to-month,mailed-check,fiber-optic,0,1
C01487,64,38.13,2329.39,two-year,mailed-check,dsl,1,0
C01488,32,91.4,3180.5,month-to-month,credit-card,fiber-optic,0,1
C01489,65,19.57,1365.69,two-year,mailed-check,dsl,1,0
C01490,30,42.67,1347.17,one-year,mailed-check,dsl,0,0
C01491,53,67.45,3648.88,two-year,credit-card,dsl,0,0
C01492,42,68.99,2731.92,one-year,bank-transfer,dsl,0,0
C01493,14,29.06,403.76,one-year,bank-transfer,fiber-optic,0,0
C01494,17,80.61,1242.9,one-year,credit-card,fiber-optic,0,1
C01495,38,86.61,3429.13,month-to-month,credit-card,fiber-optic,0,1
C01496,35,50.13,1619.61,two-year,bank-transfer,none,0,0
C01497,44,119.82,5017.33,one-year,credit-card,dsl,0,0
C01498,58,80.19,4413.76,month-to-month,electronic-check,none,0,0
C01499,55,39.85,2318.22,month-to-month,bank-transfer,fiber-optic,0,1
